time_of_day,day_of_week,weather_condition,holiday,special_event_nearby,past_hour_avg_speed,past_hour_traffic_count,road_type,accident_nearby,road_closure,traffic_density,alternative_routes_available,congestion_level,priority_score
13,Tuesday,1,0,1,60.024516723353955,345,0,1,0,187,1,0,56
21,Wednesday,0,0,1,32.568395490024756,943,2,1,1,42,1,1,86
19,Saturday,3,1,0,21.615809761928382,543,1,0,0,192,1,1,78
22,Wednesday,1,0,1,18.289092003824706,876,2,0,0,132,0,0,7
4,Friday,3,0,0,38.11584777030234,168,2,1,0,16,0,1,26
7,Saturday,2,0,1,12.922842123071852,357,0,0,0,77,0,2,11
15,Saturday,2,0,0,53.572164312507695,401,0,1,0,69,0,0,30
13,Friday,0,1,0,73.45259112447735,132,1,0,0,45,1,2,34
21,Wednesday,3,1,1,76.46297363866785,269,2,0,1,107,1,0,89
14,Wednesday,0,1,0,64.35050657732617,861,2,0,0,181,1,0,53
21,Monday,1,0,0,70.99323172614628,902,1,0,0,125,0,2,48
8,Monday,1,0,1,57.5356331336776,89,2,1,1,104,1,2,59
22,Wednesday,2,0,0,43.1041210881302,277,1,1,1,46,1,0,45
16,Saturday,3,0,1,54.6969305601117,893,2,0,0,129,0,1,4
2,Wednesday,0,1,1,76.7289148147032,335,2,0,0,43,0,1,46
16,Monday,0,0,1,72.4785077581265,464,1,1,0,64,1,0,34
12,Sunday,0,1,0,28.643342134451764,763,2,1,0,144,1,2,68
0,Sunday,2,1,1,53.29131584135508,387,1,1,1,94,1,0,41
12,Thursday,3,1,1,51.07181270764033,995,1,1,0,40,1,2,20
21,Tuesday,0,0,1,48.41971990622231,833,0,0,1,18,0,1,25
15,Thursday,3,1,0,60.322808354401914,294,2,1,1,159,0,1,37
2,Friday,0,1,0,11.506831414778896,299,0,0,0,198,0,0,44
4,Saturday,1,1,0,78.64891879291514,345,1,0,0,85,0,1,67
22,Saturday,2,1,0,28.847614227704995,842,2,1,1,88,1,2,79
13,Friday,0,0,1,47.9526343404852,527,1,0,0,24,1,2,25
2,Tuesday,0,1,0,12.632342517235022,704,2,1,0,184,0,2,25
2,Friday,2,0,1,54.27183009767618,335,1,1,0,195,1,2,32
1,Monday,2,1,1,10.869210909367578,602,2,1,1,63,0,0,4
15,Friday,3,0,1,40.47856187175627,64,2,1,0,117,0,2,92
20,Tuesday,1,1,1,33.529667626867536,295,0,0,0,59,0,2,19
11,Sunday,3,0,1,11.715462754858027,403,0,0,0,144,1,0,65
20,Saturday,2,0,1,25.06516415510343,872,1,1,1,64,0,0,36
1,Sunday,3,1,1,34.86697341527197,55,0,1,0,161,1,1,71
3,Tuesday,0,1,1,32.65401544042015,849,1,1,0,197,0,0,16
22,Tuesday,2,0,1,71.88990046095947,737,0,0,0,134,1,1,94
19,Thursday,0,0,0,16.96974753106576,432,1,0,0,44,0,2,81
10,Tuesday,2,1,1,20.81560239029503,424,1,1,1,68,0,1,2
22,Friday,3,0,0,22.961392442412546,200,1,1,0,40,0,1,100
2,Sunday,1,1,1,34.71759566168585,227,2,1,1,82,1,1,100
21,Sunday,2,0,1,12.06471617311528,939,1,0,0,91,1,1,56
7,Wednesday,1,0,0,15.291907971819443,999,1,1,0,154,1,0,94
0,Saturday,1,1,1,18.933908762509585,519,1,0,1,12,1,2,33
1,Tuesday,2,0,1,45.25328758654431,929,1,1,1,41,1,1,0
0,Sunday,0,0,1,79.26853981057253,522,0,0,1,184,1,1,52
13,Monday,3,1,1,56.13441476529799,818,1,0,0,108,1,1,83
20,Wednesday,3,1,1,23.05497535030771,554,0,1,0,173,1,0,46
13,Thursday,1,0,1,77.8748022910754,670,1,1,0,42,1,2,82
10,Tuesday,3,0,0,75.47466195337876,541,2,0,0,126,1,0,54
6,Saturday,0,0,0,68.87565629778413,904,0,0,1,161,1,0,58
22,Tuesday,0,1,0,70.94510529861887,963,0,1,1,44,0,1,20
7,Sunday,2,0,1,48.74388500207986,369,2,0,1,46,0,0,91
23,Monday,1,1,1,10.204400175913097,839,2,1,1,95,1,1,31
9,Friday,3,0,0,55.519072489623035,151,2,1,1,32,1,2,10
15,Thursday,3,0,0,26.991472810563927,690,1,1,1,10,0,2,85
4,Sunday,3,0,1,34.97791681490959,262,0,0,1,159,0,2,65
7,Sunday,2,1,1,14.851915415149719,116,2,0,1,82,0,2,30
4,Wednesday,2,1,0,31.86384929987089,178,0,1,1,52,0,0,90
7,Tuesday,0,0,1,31.930123376095903,150,0,1,1,87,0,1,5
23,Thursday,2,1,1,40.465071550628615,821,0,1,0,28,0,1,37
3,Sunday,0,0,0,69.19252309880895,915,0,0,1,67,1,1,63
15,Saturday,0,1,0,34.64391799874307,604,1,0,0,91,1,1,49
3,Monday,2,0,1,34.31112111673844,763,1,0,0,178,1,0,34
9,Monday,2,1,0,42.35696776810588,459,2,1,0,121,0,1,86
6,Wednesday,2,0,0,57.48644006630838,444,2,1,0,166,0,0,16
12,Thursday,2,1,0,29.666292445061785,657,1,0,0,102,0,2,37
21,Thursday,1,1,0,59.024863781208786,742,1,0,1,90,0,0,69
6,Monday,3,1,0,29.26351086960026,396,2,0,1,134,1,2,12
15,Sunday,3,0,1,17.381749829468504,504,2,1,0,57,1,2,63
7,Wednesday,2,0,0,60.40315564730135,737,1,1,1,26,0,0,59
14,Saturday,2,0,0,72.95100091397796,179,1,0,1,133,0,2,21
15,Sunday,3,1,0,74.61551456821243,553,0,1,0,195,0,2,21
14,Tuesday,2,1,1,14.118758656543468,63,0,1,0,184,1,0,62
12,Thursday,3,1,1,57.96840523687791,778,1,0,0,77,1,2,42
4,Saturday,3,1,0,14.904081485841377,177,0,0,1,122,1,1,40
11,Saturday,3,1,0,63.1475715155382,235,0,1,0,198,1,1,54
4,Thursday,0,0,0,10.306725986582453,545,0,1,1,42,1,1,2
23,Monday,1,0,0,62.92831286734732,745,0,0,1,67,0,1,4
3,Friday,0,1,0,19.287400571202912,615,2,0,1,103,1,1,7
14,Monday,1,1,1,67.51417923977223,801,1,1,0,54,0,2,84
8,Sunday,0,1,1,29.276058897854238,655,2,0,1,81,0,1,59
6,Wednesday,0,0,0,47.15130954116109,62,2,1,1,190,1,1,88
8,Tuesday,2,0,1,66.6132907438627,486,2,0,1,111,0,1,81
9,Saturday,2,0,0,46.809984878061556,138,2,0,1,11,1,1,51
17,Sunday,3,0,1,29.62104088955829,914,2,0,1,176,1,0,90
1,Wednesday,2,0,1,43.95014841082213,811,2,0,0,147,1,2,19
14,Friday,2,1,0,13.925312917320829,572,0,1,0,148,0,1,51
22,Saturday,2,0,0,35.6131170902541,665,1,1,0,192,0,2,67
1,Friday,2,1,0,14.771886560186093,750,1,1,1,38,0,1,80
16,Sunday,0,0,0,60.944298635230915,568,2,1,1,140,0,0,91
5,Tuesday,2,0,1,63.18522305584016,667,0,0,0,111,1,0,52
18,Wednesday,0,1,0,42.62963257355278,646,1,0,1,163,1,2,2
7,Monday,3,1,1,32.44549327353129,487,1,0,1,173,1,2,64
6,Sunday,1,1,1,78.70715150967243,745,2,1,1,144,0,0,31
6,Saturday,2,0,0,35.03386970612074,158,2,1,1,55,0,2,59
8,Sunday,0,0,0,46.06678920632084,248,1,1,1,161,0,2,17
21,Tuesday,1,1,1,15.063037281320927,754,1,1,0,66,0,0,22
16,Friday,2,1,1,57.72151968339237,648,1,0,1,153,0,2,28
4,Thursday,1,1,1,53.51733066116456,872,2,0,0,90,1,2,0
11,Tuesday,1,0,0,33.25921631206565,619,0,0,1,150,0,0,54
11,Tuesday,1,0,1,52.43476020783505,234,2,1,0,116,0,1,58
12,Thursday,2,0,1,78.8141031134136,680,2,0,0,188,0,1,24
10,Monday,3,1,1,47.7727773265679,778,2,0,0,133,1,2,2
17,Monday,2,0,0,40.293478078304155,372,2,1,1,47,1,2,100
17,Wednesday,3,1,0,51.63835222781848,485,2,0,0,94,0,1,68
8,Sunday,3,0,1,68.23431816766865,399,2,1,0,124,1,0,61
5,Monday,1,1,0,15.941269338559515,638,1,0,0,195,0,0,97
13,Wednesday,1,1,1,22.74211499960251,522,1,1,0,155,1,2,78
4,Sunday,3,0,0,54.05971385570947,356,2,0,0,32,0,2,42
2,Saturday,2,1,0,52.842345983048666,272,1,1,0,25,1,0,40
15,Sunday,0,1,0,74.18053851897305,519,1,1,1,119,0,1,57
12,Saturday,0,0,0,70.20094872880782,754,2,0,1,101,0,0,98
0,Thursday,3,1,1,32.65879168478745,261,0,0,1,112,1,1,79
7,Saturday,2,1,1,23.81733405484301,297,0,0,0,109,0,2,55
12,Monday,2,1,1,38.32582637767041,457,2,1,0,111,1,1,65
2,Monday,3,0,0,31.49755744526604,244,2,0,0,85,1,2,59
14,Sunday,2,0,1,50.46870016121772,95,1,0,1,177,1,1,31
23,Friday,2,1,0,10.184429188622806,722,1,0,0,88,0,2,83
13,Monday,1,1,0,24.43802461720452,575,2,1,0,184,1,1,40
0,Sunday,1,0,0,31.594007475668576,764,0,0,1,180,1,0,86
3,Thursday,3,0,1,57.647611917636056,926,0,0,0,88,0,1,91
11,Sunday,1,0,0,63.393052136407874,575,2,1,0,30,1,0,16
6,Tuesday,2,1,1,70.86048262754404,370,2,1,1,140,0,2,72
9,Wednesday,0,0,0,56.0967835827279,904,0,0,1,172,1,0,23
19,Saturday,1,1,0,29.09967023372276,907,0,0,0,172,1,1,75
14,Wednesday,0,0,0,50.2060922936177,174,1,1,0,134,0,0,40
2,Wednesday,2,0,0,28.15169509800821,458,2,1,1,85,0,0,43
10,Friday,2,1,0,46.58609795282013,89,1,0,1,66,1,1,50
5,Thursday,0,1,0,35.939548650873,84,1,0,0,29,0,0,14
3,Saturday,1,1,1,39.32971606747408,635,2,0,1,176,0,2,4
23,Tuesday,1,1,0,36.30376249575083,590,2,1,1,82,0,0,79
11,Tuesday,3,1,0,18.853303414175556,867,2,0,1,115,0,1,96
21,Tuesday,3,0,0,17.330990518235538,405,0,1,1,163,0,1,48
1,Thursday,0,1,1,24.04740726878635,300,1,1,1,115,1,0,70
2,Thursday,1,1,0,30.148884172805637,592,2,0,0,194,1,1,45
8,Friday,2,0,1,50.52179490560224,268,2,0,0,129,1,1,73
3,Tuesday,3,1,0,43.30673192055143,502,0,0,0,158,1,0,52
10,Saturday,0,1,0,29.842974886959176,356,1,0,1,57,0,1,14
9,Sunday,3,1,0,24.993905866140437,570,1,1,1,50,0,0,33
4,Saturday,3,0,0,20.53627988334777,677,2,1,0,24,1,1,49
8,Monday,3,0,1,49.33852962898763,791,0,0,0,185,0,2,97
22,Friday,2,1,1,16.458751955443134,253,1,1,1,158,1,1,73
3,Tuesday,2,0,1,52.8611938176271,577,2,1,0,188,0,0,74
12,Saturday,2,1,0,12.569480265375624,197,2,0,1,44,1,2,44
16,Monday,2,1,1,37.037578932233295,268,0,0,1,17,0,1,66
21,Tuesday,3,1,0,19.508740603668446,910,0,0,1,183,0,0,82
10,Wednesday,1,1,0,48.06537391398907,256,1,1,0,134,0,2,60
17,Wednesday,3,0,0,15.50714110296776,660,2,0,1,136,0,0,21
16,Saturday,1,1,0,35.38202576118968,632,2,1,0,90,0,0,89
23,Friday,3,0,1,28.479789773407997,821,1,1,1,111,1,0,60
14,Wednesday,2,1,0,29.93227869319947,603,1,0,0,58,1,0,89
11,Tuesday,2,1,0,37.608558047958766,543,1,0,1,54,0,2,34
3,Wednesday,2,0,1,54.17856556769385,80,1,1,1,136,0,1,93
13,Monday,3,0,0,10.64018887359876,540,1,0,0,67,0,2,69
17,Monday,0,1,1,40.35608548115746,435,1,0,0,101,0,0,62
9,Wednesday,3,0,0,55.89529579424584,978,2,1,0,53,0,1,14
23,Wednesday,0,0,0,32.99681473312046,313,1,1,0,199,1,0,58
15,Thursday,3,1,0,14.181145662739148,474,1,1,1,185,1,2,20
19,Thursday,2,1,0,71.11167597372082,239,2,0,0,78,1,0,39
18,Friday,2,1,1,23.760242694729975,76,2,0,0,196,0,1,26
13,Sunday,2,1,1,61.80672275553784,910,1,1,1,137,1,2,92
1,Friday,3,1,1,11.25862140222023,870,0,0,1,115,1,1,16
7,Monday,0,1,1,66.4396099481649,807,1,1,0,119,0,2,85
15,Saturday,2,1,0,60.68444205119302,853,2,1,0,78,1,1,9
19,Monday,3,1,1,45.667455844905156,421,2,1,0,28,1,0,13
22,Monday,0,1,1,57.091639686887525,180,2,1,0,139,1,0,12
21,Saturday,0,0,1,10.014640778448827,193,1,1,0,81,1,2,55
3,Wednesday,1,0,0,59.70954204480206,184,2,1,1,37,0,0,20
17,Sunday,1,1,0,48.93438156304001,808,0,1,0,184,1,2,30
7,Saturday,1,0,1,54.75475006105016,81,1,0,1,47,0,0,71
3,Monday,3,1,1,48.54608931623243,773,2,1,1,168,1,1,69
3,Wednesday,2,0,0,11.838371752414288,912,2,0,1,97,1,0,86
16,Saturday,0,1,0,43.58109022519431,985,1,0,0,124,1,1,27
23,Wednesday,0,1,0,18.370102206582075,181,1,0,1,112,1,0,41
0,Tuesday,2,0,0,55.53972677562911,188,0,0,0,85,1,1,19
12,Saturday,2,0,0,55.773705424291734,393,1,1,0,30,0,2,99
3,Saturday,1,0,1,54.10775752545889,805,1,1,1,123,0,2,52
17,Monday,1,1,0,47.42068198892399,501,1,0,1,24,0,0,46
2,Sunday,1,1,1,68.66937839421843,753,1,1,1,77,0,0,80
21,Tuesday,2,0,0,15.611860817625125,191,1,1,1,75,1,0,75
16,Tuesday,3,1,0,64.43476194541985,914,2,1,0,16,1,0,94
0,Wednesday,0,0,1,45.07138669140141,642,1,0,1,97,1,1,63
22,Friday,1,1,0,34.81388113092348,430,2,1,1,111,1,1,35
1,Sunday,0,0,0,32.84324114168072,210,0,0,0,43,1,1,85
20,Thursday,0,1,0,79.37536134155398,87,1,1,0,49,0,1,30
10,Friday,1,0,0,34.922350990397526,170,1,0,1,109,0,2,9
8,Monday,2,1,1,64.14484756196086,384,0,1,1,180,1,1,65
4,Saturday,1,0,1,68.37944965505059,888,2,0,1,18,0,0,55
15,Friday,2,1,1,53.489901293640365,835,2,0,1,13,1,0,65
16,Friday,1,1,0,28.250775417371532,858,1,1,1,112,1,0,82
0,Friday,3,1,0,10.289209108102122,616,0,0,1,120,1,0,57
3,Saturday,1,1,1,32.473374897281225,356,1,0,1,162,0,1,47
17,Monday,3,1,0,45.075733517330406,204,2,1,1,76,1,0,18
18,Thursday,1,0,1,25.651766055542915,929,2,0,0,137,1,2,73
18,Monday,0,1,0,75.0661075382905,332,1,1,1,64,1,2,20
17,Saturday,0,1,1,27.11339938256129,862,0,0,0,83,0,1,94
19,Wednesday,0,0,0,57.35655106669715,849,2,1,0,161,0,0,60
6,Monday,0,0,1,18.03321220976091,410,1,1,1,119,0,0,18
22,Friday,0,0,0,25.613127287251956,372,1,1,1,118,0,0,79
20,Friday,3,1,1,32.930511548859144,856,1,1,0,118,1,0,4
12,Monday,2,1,1,78.11501906766703,251,1,1,0,147,0,1,42
7,Saturday,3,1,0,13.440257060168046,870,1,1,0,199,0,2,9
2,Monday,2,0,1,23.23170366076492,109,0,0,0,126,1,0,25
9,Wednesday,1,1,0,43.43014311804277,467,0,0,0,28,1,1,72
10,Monday,1,0,1,46.71130948398417,201,0,0,0,165,0,2,77
9,Friday,2,1,0,76.57912521233676,968,1,0,1,15,1,0,57
0,Tuesday,1,0,1,55.25072861584831,593,2,1,0,168,1,2,34
14,Friday,2,1,1,69.95235874096775,51,1,1,0,110,1,2,58
2,Thursday,2,0,0,63.60775641498222,958,0,0,1,48,1,1,74
22,Wednesday,2,0,1,42.3116612940017,235,1,1,1,196,0,0,88
13,Monday,3,0,0,23.889694256633927,815,0,0,1,108,1,1,72
16,Tuesday,1,0,0,33.82936435083045,837,2,0,0,113,1,2,83
13,Sunday,1,0,0,26.258043124164406,231,1,1,0,67,0,1,7
0,Friday,2,0,0,59.435589718999026,432,0,1,0,187,1,1,46
15,Tuesday,1,0,1,57.66295517517056,750,1,1,0,168,1,2,50
7,Saturday,2,1,0,79.55907587364771,638,2,0,0,29,0,0,56
18,Tuesday,0,1,1,28.982779935237534,886,2,1,1,34,0,0,8
0,Saturday,1,1,1,25.119011661445978,321,1,1,0,133,1,2,83
16,Thursday,2,0,1,21.01986941527444,744,2,0,1,125,0,2,32
10,Friday,3,1,0,70.33374945245822,106,1,0,1,62,1,2,6
2,Monday,0,0,0,27.61381440135586,720,2,1,1,111,0,2,50
16,Thursday,3,1,1,29.66548651748,429,1,0,1,152,0,0,16
16,Sunday,1,1,1,50.722129060339775,202,0,0,0,110,0,1,18
5,Monday,3,1,1,73.21208964782772,613,1,0,1,181,0,2,49
6,Wednesday,3,0,0,23.276022604799113,636,0,1,1,121,1,0,34
17,Monday,3,1,1,21.56585885141348,499,1,0,0,64,1,0,25
9,Wednesday,3,0,0,66.20638593858551,511,1,0,1,76,0,0,22
16,Wednesday,3,1,1,58.983598568982174,886,2,1,1,155,1,2,83
7,Monday,1,0,1,58.434513678880705,350,0,1,1,198,0,2,98
0,Sunday,3,0,1,69.90505098212955,538,2,0,0,62,0,0,99
2,Sunday,3,0,1,29.528626019591478,866,1,1,1,53,1,2,44
12,Monday,0,1,1,71.80106846951962,308,2,1,0,85,1,2,30
22,Sunday,0,1,0,60.524415378536325,905,1,1,1,71,0,2,28
18,Sunday,0,1,1,40.21972817355007,904,1,1,1,47,0,0,95
22,Tuesday,3,1,1,55.33683785664274,829,2,0,1,73,0,0,61
5,Saturday,2,0,0,40.14946371884477,344,0,0,1,66,0,1,97
23,Sunday,1,1,0,30.623137945243,652,0,0,0,159,1,0,48
0,Tuesday,1,0,1,29.006445550660757,719,1,0,0,12,1,0,67
9,Thursday,1,0,0,74.06396734100127,874,0,0,0,123,1,1,68
21,Thursday,2,0,0,27.707341698954583,871,1,1,0,26,1,2,43
6,Saturday,2,0,0,49.128698073874965,164,1,0,0,59,1,0,58
6,Friday,3,1,1,33.4863798696467,965,0,1,0,18,0,0,40
8,Monday,2,0,0,39.79938398409885,209,1,1,0,48,0,2,95
15,Monday,0,0,0,16.2032024696664,556,1,1,0,64,0,1,82
4,Saturday,1,1,1,28.832363561359113,325,0,1,1,59,1,2,21
3,Tuesday,1,0,0,66.3724888538855,118,1,0,0,89,1,1,97
11,Monday,2,0,0,36.13007349273474,511,0,1,1,121,1,2,71
12,Sunday,3,1,1,10.527698603079518,573,1,1,0,141,1,0,49
14,Monday,2,0,0,36.283468072375925,649,1,1,1,150,0,1,79
7,Friday,2,0,1,65.15614065029948,525,0,1,0,157,0,1,30
19,Tuesday,3,0,0,36.66896613661294,681,1,0,0,60,0,1,65
17,Friday,3,0,1,71.27364104911268,137,1,1,0,128,0,1,19
16,Wednesday,1,1,0,57.192682340091686,520,1,1,0,58,0,1,13
21,Tuesday,1,1,1,35.69396967475508,829,2,0,0,180,1,2,20
21,Wednesday,0,1,0,55.5975391637096,553,1,1,1,72,1,2,96
17,Monday,2,1,1,39.90492604594871,757,0,0,1,197,0,2,35
20,Thursday,0,0,1,38.05130134557712,948,2,0,0,168,1,1,72
2,Wednesday,1,1,1,11.19329983181739,89,1,1,0,183,1,1,47
11,Tuesday,1,1,0,19.577271354857366,117,2,1,1,129,0,2,98
22,Tuesday,3,0,1,34.56189063423719,343,1,1,0,161,0,1,39
5,Sunday,1,1,1,19.886381227760133,668,2,1,0,74,1,2,99
7,Friday,0,0,1,66.14268621058758,191,2,1,1,157,1,1,50
6,Saturday,0,0,1,34.806571435378316,129,2,0,1,182,1,1,62
3,Friday,3,1,1,31.688116042350178,194,0,0,0,30,1,0,90
6,Tuesday,1,0,1,43.66108091646392,292,1,0,1,25,0,2,5
22,Monday,1,1,0,48.90179057187801,944,1,1,1,133,0,1,44
4,Thursday,2,1,1,64.30352985248848,693,1,0,0,179,1,0,54
14,Thursday,3,1,1,78.14166886268387,790,1,1,1,192,0,2,15
22,Thursday,3,0,0,28.41357621200803,124,1,1,0,101,1,2,19
1,Monday,3,1,0,57.60505526763018,326,2,0,0,72,0,2,91
21,Monday,1,1,1,74.7600035213481,791,2,0,0,150,0,0,1
1,Wednesday,1,0,0,62.140406126314545,163,2,0,0,30,0,0,100
9,Friday,1,1,1,53.88116177718852,724,0,0,1,176,1,1,88
3,Sunday,2,0,1,23.850365385693994,636,1,0,0,177,0,0,34
1,Sunday,1,1,1,40.80117942813395,509,2,1,0,180,0,2,92
7,Sunday,0,0,1,36.59137808431446,939,0,1,1,92,0,2,83
10,Tuesday,2,0,0,59.19725901793415,825,0,1,0,10,1,1,47
5,Monday,0,1,0,64.8880689214602,787,1,1,1,119,1,2,17
20,Tuesday,1,0,1,32.42759947545438,645,1,0,1,155,1,2,95
4,Monday,2,0,1,67.4999859094662,514,2,0,0,159,0,2,87
4,Friday,2,0,0,72.53834946714669,839,1,1,1,118,1,1,46
18,Thursday,0,0,0,17.148005493964536,773,0,0,1,111,0,2,72
0,Thursday,0,0,0,79.06671850677046,961,2,0,1,68,0,1,24
13,Friday,0,1,1,56.63434253767438,807,2,1,0,110,1,1,97
3,Tuesday,1,0,0,31.7883551208937,86,0,0,1,120,1,1,68
14,Friday,1,0,1,37.606686797892195,906,1,0,0,156,1,1,15
16,Thursday,2,0,0,34.824716921578315,176,1,1,1,81,1,0,98
17,Saturday,1,0,0,69.30384923827017,425,1,0,1,20,1,0,67
11,Monday,0,1,0,48.36392170522203,108,2,1,1,185,0,0,8
19,Thursday,0,1,0,39.2815381822906,678,2,1,0,126,0,2,16
15,Wednesday,1,1,1,12.350229479940335,838,0,0,1,92,0,2,5
8,Tuesday,3,0,0,56.24682487556155,473,0,0,0,171,1,1,57
21,Monday,2,0,0,69.88501615686091,458,2,0,1,198,0,1,4
5,Saturday,2,1,0,77.71787063805088,679,2,1,1,152,0,2,85
22,Monday,2,1,0,10.717077066541805,259,0,0,0,96,0,1,79
10,Saturday,3,1,0,33.38761646085689,383,0,0,0,122,0,0,28
9,Tuesday,3,0,1,79.36161715202809,788,2,0,1,69,0,1,84
4,Tuesday,3,1,1,63.51469074992552,51,2,1,0,17,0,0,12
23,Saturday,3,0,1,36.399382818283215,715,0,0,1,31,1,1,16
0,Thursday,1,1,0,58.071395789043876,467,1,1,0,70,1,0,1
9,Tuesday,0,0,1,70.07699325446347,641,0,1,1,46,1,2,32
7,Tuesday,3,0,1,77.29197799047178,702,2,1,0,51,0,1,40
18,Friday,2,0,0,64.85134099200275,148,1,1,1,121,0,1,23
22,Wednesday,2,0,0,33.34057194759204,561,0,1,0,117,0,2,9
17,Wednesday,3,1,0,21.260402270920263,678,2,0,0,116,0,2,41
12,Wednesday,0,1,0,47.72681804118741,102,0,0,0,62,1,2,10
21,Tuesday,2,0,0,11.595563004222514,51,0,0,1,135,1,0,93
11,Tuesday,0,0,1,54.672577295398646,101,0,0,0,152,1,2,94
7,Wednesday,1,0,0,35.85336701095933,186,0,1,1,150,1,0,88
6,Monday,2,0,1,29.882147751428846,774,1,1,1,161,0,0,96
15,Thursday,0,1,0,42.044013476237424,594,1,1,0,45,1,1,84
5,Thursday,0,1,0,78.06302786937634,940,0,0,0,161,0,2,77
3,Saturday,2,0,1,35.549893774548494,545,0,1,1,182,0,0,53
5,Wednesday,2,0,0,21.104459064592664,367,0,0,1,81,0,2,21
0,Thursday,0,0,1,44.48305409498877,338,1,0,0,169,0,2,70
21,Saturday,2,1,1,63.71733349066291,255,1,0,0,81,0,1,86
8,Monday,1,1,0,54.07438238068019,940,2,1,1,62,0,0,32
2,Tuesday,0,0,1,46.25797254779357,996,0,0,0,110,0,1,50
2,Friday,1,1,0,72.27156815434574,105,1,1,0,186,0,0,99
17,Thursday,3,1,0,57.12856168003416,818,1,0,1,116,1,0,58
3,Monday,0,1,1,63.6692396590088,510,2,1,1,190,0,0,73
15,Thursday,1,1,0,47.02317909470898,861,0,0,1,193,0,0,94
16,Sunday,3,1,0,64.06946431662608,398,1,1,0,116,1,0,16
22,Sunday,2,1,0,65.25395552582532,962,0,1,1,50,1,0,14
22,Friday,2,1,1,26.344689373753507,505,2,0,1,27,0,2,97
15,Tuesday,1,0,0,61.47033902128273,186,0,1,1,124,1,1,56
15,Thursday,3,0,0,62.941044312633466,433,0,0,1,56,1,0,39
13,Friday,3,1,1,49.7393860131882,329,1,1,1,145,1,1,82
9,Thursday,3,0,1,69.90030583359128,629,1,0,1,34,1,1,70
16,Tuesday,1,1,1,45.34404469905583,111,2,0,1,95,1,1,54
3,Sunday,0,0,0,75.00490088007209,196,2,1,0,198,0,1,75
9,Tuesday,0,0,1,15.395791424564532,129,2,1,1,61,1,0,6
12,Tuesday,2,0,1,39.39021167152451,804,0,0,1,110,1,2,93
22,Sunday,2,1,1,12.915595373880352,95,1,0,1,190,1,2,85
3,Thursday,3,1,1,55.89062841793233,649,2,0,1,63,0,2,58
2,Monday,3,1,0,47.713814210747685,616,2,0,1,184,1,2,58
6,Tuesday,1,1,0,28.388976274693608,286,0,0,0,40,1,0,17
13,Friday,2,1,1,70.55950668767105,384,2,0,1,42,0,2,32
16,Thursday,1,1,1,77.43697078547333,82,1,0,0,37,1,0,58
0,Thursday,3,1,0,27.88276483345738,434,2,1,1,182,0,2,96
4,Friday,0,1,1,11.053530948065477,867,1,0,0,151,0,2,0
22,Thursday,1,0,0,60.100300073796106,610,0,1,1,48,0,2,88
3,Friday,0,0,1,58.82835874352487,725,1,0,1,102,0,0,17
20,Saturday,0,1,1,70.76561940590989,183,2,1,1,186,0,0,46
22,Monday,0,1,0,26.209409477470043,399,0,1,0,51,1,1,67
4,Monday,2,1,0,64.44528034852644,377,1,1,0,182,0,2,96
17,Tuesday,3,1,1,44.99323161444259,580,2,0,1,94,0,2,30
16,Saturday,0,0,1,73.57052531747976,516,0,0,0,164,0,2,1
18,Sunday,1,0,1,24.91481671540126,281,2,1,0,155,1,1,91
0,Wednesday,1,1,1,46.286031630827274,549,0,0,0,65,1,2,36
1,Wednesday,1,0,0,35.31871227669319,304,2,1,0,75,0,0,47
19,Saturday,3,0,0,69.74590656186385,542,2,1,0,106,1,0,71
13,Thursday,1,0,0,33.49349861704261,366,2,0,0,25,1,2,69
16,Friday,3,0,1,76.13247395119875,985,1,1,1,182,1,2,90
9,Monday,0,0,0,77.16812293460121,210,1,0,1,60,0,2,76
18,Thursday,0,1,1,21.863762388196513,167,0,0,1,35,0,1,9
8,Saturday,3,1,0,36.0070749498703,800,0,1,1,138,1,0,70
7,Thursday,3,1,1,65.65940411369291,741,2,0,1,179,0,0,1
0,Thursday,1,0,1,10.774196765071782,541,0,0,1,65,0,1,47
13,Saturday,1,1,1,19.615717056442488,892,1,1,0,45,1,2,93
0,Sunday,1,1,0,75.76903883466349,187,2,0,0,138,1,1,2
20,Sunday,2,1,1,62.76475452072999,798,0,0,0,180,1,1,56
19,Thursday,3,0,1,14.396559384950798,813,1,1,0,173,0,0,3
20,Sunday,2,0,1,69.36269527601974,831,0,1,0,41,1,2,7
5,Sunday,0,1,0,37.28453975371393,171,0,1,0,123,0,1,63
14,Sunday,1,1,1,79.66174658811312,698,2,0,0,182,0,2,69
8,Monday,3,0,0,19.495609367331177,64,2,1,0,18,1,0,100
1,Saturday,1,0,1,23.43949353784059,946,0,0,1,75,0,0,41
19,Friday,2,0,0,56.669987639487886,871,2,1,0,131,1,0,80
7,Saturday,0,1,1,30.591050637217812,75,2,0,0,39,0,0,94
14,Saturday,1,1,1,74.52480223097346,515,0,1,0,189,0,2,6
7,Sunday,0,0,1,46.26005588220225,555,2,1,1,50,0,2,65
16,Saturday,1,1,0,55.12977262858844,554,0,0,0,106,1,0,65
14,Monday,1,1,0,18.161279733069087,618,1,1,1,194,1,1,26
22,Tuesday,0,0,0,44.36705541702838,583,0,0,0,199,1,0,2
7,Sunday,3,1,1,61.38694631486154,325,0,1,0,86,1,1,34
7,Monday,2,0,1,53.577216029764855,855,1,1,1,165,0,2,82
0,Saturday,0,1,0,44.831979963355685,884,0,0,0,85,1,1,87
0,Sunday,2,1,1,71.38199652590339,112,1,1,1,66,1,0,16
14,Wednesday,0,1,1,42.607191694438356,869,2,0,1,87,1,2,48
6,Tuesday,2,0,1,44.14171565351103,635,0,1,1,131,1,1,31
21,Thursday,0,1,1,43.13798287274315,497,1,1,1,178,1,2,62
17,Wednesday,2,1,0,65.79914471748782,461,1,1,0,33,0,2,70
4,Monday,0,1,0,15.946416151675425,711,1,1,0,152,0,1,92
21,Tuesday,3,0,1,51.373970314563266,262,2,0,1,19,1,2,29
5,Tuesday,1,0,0,14.747982033587013,61,1,1,0,133,1,2,80
17,Friday,2,0,1,34.71346680438209,691,1,0,1,21,0,0,2
5,Thursday,0,0,1,66.53469082419704,188,1,1,1,51,0,2,100
17,Tuesday,1,0,1,56.949465608613295,788,1,1,1,137,0,1,84
11,Sunday,2,1,1,52.69673449579675,967,2,1,0,108,1,1,13
1,Monday,1,0,0,53.46046870622001,676,1,1,0,28,1,2,0
15,Monday,0,0,0,65.68742705694862,185,0,0,1,199,1,0,86
19,Monday,3,1,0,64.65392554014008,749,2,1,0,185,1,1,22
14,Saturday,1,1,0,77.20215340075619,92,0,0,0,141,0,0,62
23,Tuesday,0,1,0,37.737122421665454,711,0,1,1,91,0,1,19
13,Tuesday,1,0,0,73.80982914912224,935,2,0,0,131,1,0,94
23,Tuesday,2,0,1,35.1662148811622,306,1,1,0,123,0,0,93
9,Monday,3,1,1,79.92625356829585,282,1,0,0,87,1,0,79
13,Wednesday,3,0,0,40.67543858122772,661,2,1,1,24,0,0,71
1,Thursday,1,1,1,32.66340059067903,321,2,1,0,132,1,1,53
4,Thursday,1,0,0,43.77924235970186,183,1,1,0,62,1,1,53
11,Monday,0,1,0,65.62324516798552,503,0,0,0,110,0,0,24
16,Friday,3,0,1,70.8450483400239,684,2,0,0,35,1,1,59
9,Sunday,2,1,1,19.077891097091072,167,0,0,1,160,1,2,15
16,Saturday,3,1,1,37.36525183987003,828,1,1,0,165,0,2,75
8,Wednesday,1,0,0,61.19510199512761,533,1,0,0,66,0,0,57
15,Sunday,0,0,0,19.721500275363795,943,1,1,1,147,1,2,71
11,Wednesday,2,0,1,46.73119494041967,739,2,0,0,67,1,2,15
7,Wednesday,0,1,1,77.54830984113443,930,0,1,1,120,1,1,29
15,Monday,1,1,0,34.693824594446816,503,0,0,1,76,0,0,0
2,Saturday,2,0,1,47.26661535113411,455,0,1,0,155,0,1,67
15,Wednesday,1,0,0,71.64046318898036,868,0,1,1,155,0,1,50
11,Friday,2,1,0,64.66450284512769,91,2,1,1,71,1,0,24
13,Monday,2,1,0,48.95485369697395,731,2,0,0,66,1,1,59
19,Thursday,0,1,0,14.135740863826307,165,1,0,1,124,0,0,96
19,Saturday,1,0,1,60.63079632908982,459,1,0,1,15,1,1,72
12,Saturday,1,1,0,63.5517632167267,225,0,1,0,49,1,2,54
0,Sunday,2,0,0,74.41198093595034,554,0,1,0,83,0,1,86
16,Friday,3,1,1,14.404722433525613,373,0,0,1,61,0,0,91
10,Saturday,2,1,1,15.421414760074203,301,1,0,0,180,1,2,22
13,Thursday,2,1,0,54.762841172202315,242,0,1,0,72,0,0,5
4,Monday,1,1,0,33.53731578413354,749,2,0,1,151,1,1,95
18,Friday,0,0,1,25.29121904047492,884,2,0,1,95,0,2,66
16,Sunday,2,0,1,14.839755510489434,152,1,0,1,25,1,1,82
2,Saturday,2,1,0,36.23716403609528,650,1,0,1,177,0,1,13
1,Monday,1,0,0,17.771464276049574,559,2,1,0,199,1,0,62
7,Monday,2,0,0,14.279406092446028,434,2,1,0,103,0,1,35
1,Friday,2,1,0,51.07071538052963,646,2,0,0,190,0,1,57
5,Sunday,0,0,0,31.172017492717934,889,2,1,1,32,0,1,36
6,Saturday,3,0,1,62.45380716449904,143,0,1,1,170,1,2,98
9,Saturday,0,1,0,13.965621905413492,697,1,0,1,106,1,2,26
7,Wednesday,0,1,0,29.388268851189643,355,2,1,1,191,0,0,22
7,Thursday,2,1,0,11.170731373227424,926,2,1,1,187,1,2,22
6,Wednesday,1,1,1,14.961622171758606,220,0,1,0,33,1,1,43
8,Wednesday,1,1,0,23.36029575369283,831,2,0,0,169,0,1,30
19,Wednesday,3,0,1,16.465943356978656,162,1,1,0,122,1,2,100
18,Thursday,1,1,0,35.668145323340696,767,1,1,1,118,1,0,79
16,Friday,0,1,0,30.35069733027823,132,0,1,1,93,0,0,24
7,Thursday,1,1,0,55.968352645176985,888,2,0,1,68,1,1,23
21,Thursday,0,1,0,46.854020946262544,442,2,0,1,22,0,2,83
9,Sunday,2,1,0,72.55233935007598,357,0,0,1,161,0,2,7
21,Saturday,0,0,1,16.670643638865815,141,2,1,0,86,1,0,1
0,Saturday,1,0,1,35.3566369505837,56,2,0,1,42,0,1,46
12,Tuesday,3,1,1,65.18663341320263,451,0,1,1,161,0,1,52
22,Monday,2,0,0,70.71514080429776,617,0,0,1,129,1,0,92
9,Thursday,2,1,1,36.77090064950164,462,1,1,1,73,1,1,34
1,Wednesday,2,0,0,76.40601823794945,392,2,0,0,22,1,0,60
6,Saturday,0,0,0,43.26994229862737,747,2,1,0,140,1,0,96
17,Friday,0,0,1,23.29828331418385,294,1,1,1,19,1,2,10
8,Thursday,2,0,0,24.24978900947127,532,0,0,0,106,1,1,16
8,Sunday,0,0,0,13.562974602850005,244,2,0,1,132,0,2,9
10,Tuesday,1,0,1,68.84661117317194,762,1,0,0,173,1,0,75
9,Friday,1,0,0,68.26070016959804,196,1,1,0,179,1,0,78
0,Friday,1,1,0,18.602281589744415,442,0,0,0,67,0,0,22
10,Monday,0,0,0,40.06242064741501,974,0,1,1,148,0,0,16
23,Friday,1,0,0,73.47414943382503,705,0,0,1,111,0,1,65
13,Sunday,2,0,1,35.11980017260666,175,0,1,0,113,0,2,87
0,Friday,0,0,0,59.27670682417651,265,1,1,0,90,0,1,86
8,Monday,0,1,1,58.85786754530412,886,2,1,1,103,0,0,16
14,Sunday,1,0,0,76.43574597461658,230,0,1,0,175,1,0,15
5,Saturday,0,0,0,40.587897634787026,249,0,1,1,61,0,0,48
16,Thursday,3,0,0,67.4246459911852,773,1,1,0,94,1,2,33
11,Monday,3,0,1,65.48108097464976,450,0,0,0,187,1,2,27
9,Saturday,2,1,0,75.3453843378782,365,0,1,0,62,1,2,8
13,Sunday,3,0,1,44.21304202364776,469,1,0,1,170,0,1,58
14,Thursday,2,0,0,38.42531033005982,463,1,1,0,109,0,1,10
6,Saturday,0,1,0,15.101340897071712,295,1,1,1,184,1,1,34
0,Sunday,3,0,0,67.74759220343351,792,0,0,1,182,1,1,24
0,Friday,0,0,0,41.89822021382285,196,0,1,0,141,1,0,2
0,Thursday,1,1,1,73.80788050336794,763,1,0,0,129,0,1,12
23,Thursday,0,0,1,30.356263501414738,832,2,1,1,90,1,0,50
4,Tuesday,1,0,1,74.25769759200807,379,1,1,1,20,1,1,13
2,Thursday,0,0,0,44.70860884162,503,1,0,1,30,0,0,6
5,Sunday,2,0,0,53.57683762102905,321,1,1,1,69,0,2,22
2,Friday,0,1,1,70.73114012966438,873,1,1,0,192,0,2,26
4,Tuesday,2,0,0,52.98143998068869,383,1,0,1,160,1,0,98
11,Thursday,2,0,1,73.57045823217676,474,2,1,1,165,0,0,82
16,Saturday,1,1,0,28.80152061101779,758,2,0,0,104,1,0,32
14,Sunday,1,0,0,12.833091675676938,260,1,1,0,74,1,2,51
0,Monday,3,1,1,67.00752214590663,507,0,0,0,159,0,0,6
0,Wednesday,2,0,1,34.86650684630534,351,2,0,1,145,0,1,31
13,Saturday,0,0,0,75.30694135644985,301,1,0,1,160,0,1,16
4,Wednesday,2,0,1,69.549786073159,728,0,0,0,161,0,1,22
3,Saturday,1,0,0,65.34475673976519,531,0,1,0,42,0,0,42
5,Saturday,3,0,0,72.51051252737363,893,0,0,1,86,1,2,44
22,Tuesday,0,1,1,35.273909331380146,76,0,0,1,112,0,2,4
13,Thursday,0,0,0,33.74941813415198,472,2,1,1,119,0,0,91
11,Wednesday,2,1,0,59.54210483319801,683,2,1,1,132,1,1,70
21,Tuesday,3,1,0,50.37790025887467,120,1,1,1,53,1,2,39
8,Tuesday,1,0,0,50.19292985921719,316,1,1,0,153,0,0,26
20,Monday,0,1,1,69.47093252712621,165,1,1,1,67,1,0,47
12,Wednesday,3,1,1,34.73383261528808,904,2,1,0,189,1,0,56
14,Saturday,0,0,0,35.89445182348291,487,1,1,0,198,0,1,72
16,Friday,1,0,0,26.698114181981982,391,2,1,0,78,1,2,97
17,Tuesday,0,1,1,26.149377532691958,169,2,0,1,119,0,1,82
1,Tuesday,0,0,1,63.43576822769223,250,0,1,1,171,1,0,44
9,Sunday,1,0,1,50.823903434093474,721,2,1,0,152,1,2,31
22,Monday,0,1,1,59.74264569843729,535,2,0,1,167,1,2,9
5,Tuesday,2,0,1,26.924181501002863,122,1,0,1,89,0,2,53
9,Saturday,3,1,1,76.34758248876,930,0,1,0,86,0,0,31
19,Saturday,2,1,1,67.821487825405,957,1,1,1,117,1,2,71
16,Sunday,3,0,0,50.15737795570238,72,2,1,1,140,1,2,78
1,Wednesday,3,0,0,24.839071975138943,480,0,0,0,110,0,2,30
3,Sunday,0,0,1,47.807032107188725,281,2,1,0,98,0,0,8
6,Saturday,3,1,1,59.79523887586331,548,1,1,0,78,0,2,8
7,Wednesday,1,1,1,58.72423897218081,324,0,0,0,65,0,1,60
23,Wednesday,3,1,1,43.80074471487021,501,2,0,0,73,1,1,9
23,Saturday,3,0,0,33.68484870943311,271,1,1,1,85,0,2,89
7,Friday,2,0,1,58.177600506210865,643,0,1,0,63,1,2,85
22,Tuesday,1,0,1,40.1367087637651,662,0,1,1,83,1,2,71
17,Thursday,1,1,0,24.867324225965035,60,1,0,0,170,0,0,38
21,Saturday,2,1,1,45.07367427375877,335,2,1,0,102,0,2,64
22,Thursday,0,1,1,29.320308709444358,432,0,0,0,40,1,2,12
12,Wednesday,2,0,0,23.809442081789065,221,0,0,1,98,1,1,8
18,Saturday,3,1,1,63.21103932907983,975,1,1,1,36,0,0,1
3,Friday,2,0,1,55.51860380869124,993,1,0,0,184,0,1,81
18,Friday,2,1,1,39.420611883392354,429,2,0,0,197,0,1,25
1,Friday,3,0,1,17.74151358219258,735,1,1,0,48,1,0,97
17,Sunday,0,0,1,54.144416093325056,919,2,1,1,194,1,2,0
14,Wednesday,1,1,1,51.03452795120923,645,2,0,1,72,0,0,72
1,Friday,0,1,1,26.297275504405405,725,0,0,1,154,1,2,29
16,Wednesday,0,0,1,49.27363504987724,411,2,1,0,72,0,1,32
11,Monday,1,0,0,60.9448664305224,312,2,1,0,170,1,0,39
12,Saturday,2,1,1,58.107002817478005,708,0,1,0,177,1,0,7
7,Saturday,3,1,1,61.19647886717415,617,0,1,1,67,1,1,16
7,Thursday,3,1,1,71.66670779982886,415,0,1,1,134,0,2,98
9,Friday,3,1,0,53.58644856676613,245,0,1,0,61,0,2,11
4,Friday,1,1,0,60.51098700700197,983,0,0,0,198,0,1,97
4,Saturday,0,1,0,15.477882517161449,768,1,0,0,168,0,2,26
9,Tuesday,1,1,0,77.66815006994412,545,1,1,0,159,0,1,97
18,Friday,2,0,1,58.936709887443115,480,2,0,0,105,1,2,45
11,Saturday,0,0,0,67.09368763238535,623,1,0,1,21,1,2,71
4,Sunday,0,1,1,72.05181946625694,457,2,1,1,136,0,1,22
13,Sunday,1,1,0,35.2797957853231,944,0,1,1,42,0,1,99
21,Thursday,1,0,1,35.965891431435224,959,2,0,0,64,1,2,34
19,Monday,2,1,1,44.33348356434137,866,0,0,0,19,1,1,70
6,Thursday,2,0,0,11.138634907240885,676,0,0,1,127,0,1,39
5,Sunday,3,1,0,48.260353508986206,410,0,0,1,67,1,0,20
10,Monday,1,0,0,29.273458936743538,283,2,0,1,165,1,0,14
19,Friday,1,0,1,30.056441674908456,615,1,0,0,99,0,1,83
2,Tuesday,0,1,1,64.3575764000845,388,2,1,0,109,0,2,65
3,Thursday,1,1,0,79.49816312305538,350,1,0,1,69,0,2,38
20,Thursday,3,1,1,51.649657358585756,469,1,0,0,70,1,1,8
9,Sunday,3,0,1,12.732172277315122,545,0,0,0,152,0,0,66
11,Monday,1,1,0,48.396846909345626,125,2,0,1,148,0,1,56
19,Monday,2,0,0,61.569506157134796,436,0,1,1,78,0,2,21
8,Friday,1,1,1,37.87278496591607,548,1,1,0,176,0,2,37
21,Saturday,0,0,0,75.69817758557406,175,0,0,0,119,0,0,97
7,Friday,0,1,1,28.274750270176362,969,0,1,1,175,0,1,73
21,Monday,3,1,0,29.45525485706127,126,1,0,1,43,1,2,5
10,Tuesday,3,0,1,28.15230682466015,304,1,0,0,17,1,2,90
7,Tuesday,2,0,1,37.2891223796642,479,0,0,0,167,0,0,69
5,Thursday,1,1,1,47.68323950923875,169,2,0,1,65,0,0,79
0,Wednesday,0,0,1,22.76797923096293,708,1,1,1,124,1,2,53
4,Monday,3,1,1,60.98269298124639,285,2,1,0,28,1,0,17
23,Sunday,2,1,0,46.96348037751305,356,2,0,1,187,1,0,91
12,Thursday,0,1,1,72.74344377341605,961,2,1,1,151,0,1,94
7,Sunday,3,1,0,63.622191349453715,189,1,1,1,198,0,0,65
16,Sunday,1,0,0,31.078196973728108,77,1,0,0,158,1,1,100
10,Thursday,3,0,1,64.50368756293855,300,0,1,1,161,1,2,91
22,Tuesday,2,1,1,51.47054525645672,357,0,1,1,180,1,0,90
17,Wednesday,3,1,0,27.092068022035527,250,2,0,0,125,0,1,50
16,Thursday,3,0,1,21.100932438685977,658,0,1,0,186,0,2,81
20,Friday,3,1,1,61.41796008036221,336,1,1,1,81,0,0,10
11,Friday,3,1,1,20.14597011477389,675,0,1,1,11,1,2,13
6,Monday,1,1,0,50.34728597745702,802,2,0,1,182,0,0,58
6,Sunday,0,1,1,41.1670813433953,394,2,0,1,75,1,0,60
11,Sunday,0,1,1,31.58242511371185,729,0,0,0,164,1,0,1
18,Friday,1,0,0,35.885428562565096,948,1,1,0,91,0,1,84
8,Tuesday,1,1,1,25.48972456025742,257,1,1,0,90,0,0,42
10,Sunday,0,0,1,52.732433328017045,256,1,1,1,128,0,0,59
2,Wednesday,3,1,0,59.97435921745108,804,2,0,1,148,1,0,48
8,Wednesday,0,1,1,55.99049916642493,955,0,0,0,59,0,1,84
7,Sunday,3,1,0,51.67399577075379,441,2,1,1,31,0,1,92
8,Monday,1,0,0,66.22080890414676,125,0,1,0,90,1,0,55
4,Saturday,2,1,1,16.607053090687003,404,1,0,0,161,0,1,59
14,Monday,2,1,1,55.95777730862137,971,0,1,1,32,0,2,99
1,Sunday,1,1,0,65.13775783349772,402,1,1,1,41,1,2,67
10,Thursday,1,1,0,34.48079606351631,168,2,0,0,91,0,2,11
17,Thursday,1,0,0,79.08503806858162,68,0,0,1,121,1,1,47
12,Tuesday,0,0,0,75.87164620382985,678,2,0,0,116,1,1,99
14,Tuesday,0,1,1,49.70482293967616,633,2,1,0,182,0,1,10
5,Sunday,2,0,1,26.674264105351664,124,0,1,1,10,1,2,29
6,Thursday,0,1,0,62.460797837734674,200,2,1,1,146,1,1,20
1,Wednesday,1,0,1,40.440755513032215,537,0,1,1,154,1,0,0
19,Saturday,2,0,1,39.95025461317462,741,2,0,1,107,0,2,89
4,Wednesday,1,1,1,43.04085609136177,760,0,1,1,127,0,1,73
13,Friday,3,1,0,77.6482732508924,968,2,1,1,100,0,0,83
10,Friday,2,1,0,31.183108766707463,192,2,0,1,138,1,0,62
17,Monday,1,1,0,63.75440264953077,732,2,1,1,39,0,2,15
0,Monday,2,1,0,53.73318072754374,522,1,0,0,95,0,0,55
2,Thursday,1,1,1,69.54530896943216,303,2,1,1,45,0,0,15
20,Thursday,0,0,0,18.171461129696915,181,2,0,1,161,0,0,0
17,Sunday,3,1,1,72.32056399183477,508,2,0,1,191,1,1,43
20,Thursday,3,1,0,33.57218391289821,61,2,1,1,102,1,1,94
4,Monday,2,0,1,15.587521770516778,132,2,1,0,19,1,2,74
5,Thursday,1,0,1,25.168907010251168,788,1,1,0,177,1,0,100
14,Friday,1,0,1,70.044758592751,825,0,0,1,58,0,2,53
15,Wednesday,3,0,0,55.41265884629048,584,0,1,1,177,0,1,0
13,Sunday,0,0,0,27.988423726169653,259,0,0,1,190,0,0,57
5,Friday,2,0,0,11.16692978887294,429,0,1,1,112,1,0,17
2,Monday,1,1,0,42.79163914931215,739,1,1,0,53,1,2,12
17,Saturday,1,0,0,73.58079854648363,253,2,0,1,168,0,1,54
7,Wednesday,2,0,0,25.208418539755108,931,1,1,0,54,1,2,44
21,Thursday,1,0,1,25.77507019551782,284,2,0,0,110,1,2,61
12,Monday,0,1,0,65.31504639432123,195,2,0,0,17,0,2,44
7,Sunday,2,0,0,62.90406244280289,615,2,0,1,90,0,1,76
4,Friday,2,1,1,18.300277880948705,969,2,1,0,185,0,0,55
1,Friday,2,0,1,48.01745714501886,586,2,1,0,23,0,1,24
5,Tuesday,3,1,1,63.772729514570734,152,2,1,1,33,1,2,53
15,Sunday,1,0,0,34.9763249485979,946,2,1,1,121,1,0,66
5,Thursday,2,0,0,26.162031388602248,878,0,1,0,112,0,1,27
7,Friday,2,0,1,48.128464023521275,649,1,0,0,138,0,1,92
17,Sunday,2,1,1,36.268435915727416,334,0,1,1,88,1,0,46
4,Wednesday,0,1,1,40.29343511103601,96,1,0,0,22,1,2,69
0,Thursday,2,1,1,20.796679166882598,345,1,1,0,154,1,2,27
14,Thursday,0,0,1,34.660821403054904,826,1,1,1,90,1,2,19
17,Sunday,0,1,1,34.506360752143266,173,0,1,0,41,1,0,31
7,Friday,3,0,0,14.689499365557703,792,0,0,1,96,0,2,40
5,Wednesday,1,1,0,14.32231120602127,643,2,0,0,128,0,0,90
16,Tuesday,1,1,1,11.589926939001224,97,1,0,1,177,0,2,94
16,Monday,1,0,1,54.03402948845881,937,2,1,0,154,1,0,4
11,Sunday,0,0,0,20.42041522825768,823,2,1,1,140,1,2,90
0,Thursday,2,0,0,48.63865550567785,662,1,1,1,168,1,2,100
16,Sunday,2,1,1,51.44545179550578,362,1,1,0,11,0,1,63
16,Sunday,3,1,0,49.99595655148476,462,2,1,0,142,1,0,47
9,Friday,1,1,1,60.353557814698156,587,2,0,1,30,1,1,92
0,Saturday,3,1,0,24.279161039528653,901,2,0,0,13,1,2,29
12,Sunday,1,1,1,70.73641585576686,91,0,0,0,192,1,2,76
11,Thursday,3,0,1,33.474699268074026,340,2,1,0,172,0,1,23
20,Wednesday,3,0,1,75.18432662388453,953,0,1,1,83,1,1,22
7,Saturday,0,1,0,57.538617031389826,335,2,1,0,194,0,0,84
3,Monday,3,1,1,14.470112876904441,337,2,1,0,10,0,0,88
7,Sunday,2,1,1,51.61498356569299,245,1,1,1,142,0,2,23
6,Saturday,2,1,1,59.20910905524623,85,1,1,1,79,0,0,69
21,Saturday,0,1,0,49.474580966621154,168,0,0,0,169,1,0,61
14,Friday,0,0,1,69.60444281214254,395,1,1,0,199,1,0,86
21,Sunday,0,1,1,16.824227677749064,213,2,0,0,162,1,1,10
18,Monday,2,1,0,43.335723360560195,964,0,1,1,75,0,2,8
22,Sunday,1,1,0,62.40939948968807,994,2,1,0,96,1,1,25
4,Monday,0,1,1,29.9807261718919,185,2,1,0,62,1,0,80
13,Tuesday,3,0,1,10.255932304894674,764,1,0,1,90,0,1,92
3,Wednesday,3,1,0,60.86639161946432,999,2,1,1,10,1,1,74
4,Friday,1,1,0,33.71933499239678,975,2,0,0,95,1,0,86
14,Monday,1,0,1,70.57214870260162,720,0,1,0,72,1,1,32
10,Saturday,2,0,0,41.88670881894476,527,2,1,0,25,1,2,71
9,Thursday,0,1,1,17.412102162169926,646,0,1,1,47,0,1,2
19,Monday,2,1,1,19.797609967198145,841,2,1,1,181,0,0,80
14,Sunday,3,1,0,65.4223357273932,666,0,1,1,144,1,2,36
0,Friday,3,1,1,58.11378412798277,93,2,1,1,30,1,2,96
10,Sunday,0,0,1,27.575276305545213,361,1,1,1,195,0,1,29
20,Friday,0,1,0,26.294679968901224,476,0,1,0,148,0,2,45
10,Thursday,2,1,1,59.97670406158278,200,0,0,1,21,1,0,87
2,Wednesday,2,0,1,64.00144346903632,218,0,1,0,114,0,1,3
6,Monday,1,1,1,15.532276580722296,807,0,0,1,151,1,2,29
17,Thursday,0,0,1,79.36926115163979,787,2,1,0,10,1,2,62
1,Saturday,0,1,1,78.21762602721284,534,0,0,1,91,0,0,3
18,Thursday,3,1,0,67.55519157674986,520,1,1,1,51,1,0,62
3,Friday,0,0,1,27.158205750526196,470,1,0,0,92,1,0,41
10,Sunday,2,0,0,69.87467103394098,781,1,1,0,155,1,1,21
15,Wednesday,2,1,1,55.61427518588213,288,0,0,1,196,1,0,22
4,Monday,1,0,0,49.338495259950435,421,0,1,1,123,0,1,65
11,Sunday,3,0,1,42.94528767126011,98,0,0,1,97,0,0,96
11,Friday,2,1,1,77.71306092400415,929,0,1,1,195,0,1,62
6,Friday,2,0,0,36.95830975938142,681,2,1,0,88,0,0,61
18,Thursday,1,0,1,23.392346833683174,681,0,0,0,185,0,1,34
2,Sunday,1,1,0,56.27454164045625,765,1,0,0,102,1,0,43
5,Friday,0,0,0,64.49955262959989,230,1,0,1,156,0,2,61
0,Thursday,1,1,1,13.951971216853984,657,1,0,1,113,0,2,56
6,Wednesday,3,0,1,14.703271194378617,237,0,1,0,75,1,1,100
7,Thursday,2,0,0,32.14220679319411,776,2,0,0,135,1,0,66
8,Thursday,0,0,1,50.751135243546024,404,1,1,0,150,1,0,39
5,Thursday,0,0,1,17.10369291401833,798,1,0,1,152,1,0,52
3,Sunday,1,1,0,70.61719154950845,83,0,0,0,143,1,1,95
0,Friday,0,0,0,46.19109201410398,477,0,0,1,162,0,1,70
6,Tuesday,3,0,0,43.87098612905115,232,1,1,1,160,1,0,23
18,Wednesday,1,1,1,76.55184183352395,255,1,0,0,185,1,2,48
4,Monday,0,0,1,55.43926730849414,842,2,0,0,50,0,2,85
4,Monday,3,1,1,46.012753115341845,682,1,1,1,198,1,0,74
10,Sunday,1,1,1,68.57219677172846,523,1,0,1,80,0,1,23
11,Saturday,1,1,1,49.59474291954416,598,2,0,1,97,0,2,13
11,Friday,3,1,1,50.10219551318733,268,1,0,0,113,0,0,80
17,Thursday,3,1,1,24.840614740626584,257,1,0,0,40,1,1,94
15,Saturday,1,0,1,26.608036062592717,441,2,0,0,166,1,1,56
19,Sunday,0,0,1,37.40988171531651,931,0,0,1,161,0,0,29
3,Thursday,1,0,0,41.17795189213139,664,1,1,1,84,0,2,62
13,Tuesday,0,0,0,70.0776867069196,215,0,1,1,78,1,0,37
22,Saturday,3,1,1,68.26378120138021,899,1,1,1,110,1,2,90
17,Tuesday,2,0,0,16.474265620771984,786,2,1,0,89,0,1,26
12,Tuesday,2,0,1,73.02921022077568,180,0,0,0,28,1,1,3
23,Monday,3,0,1,28.805505152243423,571,1,0,1,44,1,0,15
22,Monday,0,0,1,34.39516722344041,837,0,1,1,19,0,0,11
19,Sunday,1,0,0,40.336556991828104,522,0,1,0,63,1,2,3
0,Monday,1,1,1,40.010518060944335,836,0,0,0,72,0,0,41
7,Saturday,3,0,1,35.080853504923965,479,0,0,0,108,0,2,77
3,Saturday,0,0,1,64.2450089847784,538,0,1,1,161,0,1,77
19,Saturday,2,1,0,24.833709482661888,815,2,0,1,132,0,2,76
1,Saturday,1,0,1,61.90227212371216,352,1,1,1,67,0,2,70
7,Tuesday,2,0,0,45.63064886300731,602,2,0,1,24,0,1,2
16,Friday,0,1,1,44.283162823619705,438,2,1,0,155,0,1,31
3,Tuesday,1,1,0,59.505639248437966,626,2,0,0,84,0,0,82
4,Sunday,3,0,1,69.57647263937476,313,0,0,1,144,1,2,18
13,Tuesday,0,1,1,60.3444250009758,337,1,0,1,102,1,2,50
4,Sunday,0,1,0,71.74438622711938,191,2,1,1,34,0,2,68
12,Monday,2,0,0,38.38330682861286,342,2,1,0,75,1,1,50
0,Friday,1,0,0,52.88659504021366,400,2,1,0,165,0,1,64
14,Thursday,0,0,0,53.21798291978661,953,2,1,0,113,0,2,33
6,Sunday,3,1,1,31.4264609713071,338,1,0,1,140,1,1,74
18,Saturday,2,0,1,66.78329639928884,117,2,0,1,95,0,0,62
4,Sunday,3,0,1,73.75111860772755,481,0,0,1,109,0,2,6
16,Monday,2,1,0,72.09485946663968,495,2,0,0,199,0,0,6
14,Saturday,3,1,0,51.852282093309064,873,1,0,0,37,0,1,13
19,Tuesday,2,0,0,36.93868134438567,809,0,0,1,138,1,2,6
10,Monday,3,0,0,44.191250799645914,897,0,0,0,64,1,0,50
6,Monday,3,0,0,19.01408923704507,613,0,0,0,174,0,1,12
19,Tuesday,3,1,1,28.814968825034214,559,1,0,1,165,0,1,60
20,Thursday,1,1,1,39.688840172145476,54,2,0,0,128,1,2,70
16,Friday,2,1,0,28.706220918499767,162,2,0,1,185,0,0,70
10,Sunday,3,1,1,62.21920700092227,200,2,1,0,162,0,1,75
8,Wednesday,2,1,0,42.580865566888214,53,0,0,0,43,0,0,73
13,Tuesday,1,1,0,25.895705779428667,819,2,1,0,31,0,2,59
18,Friday,0,1,1,47.77350232627776,342,0,1,1,105,1,1,87
7,Saturday,0,0,1,55.53398055118724,365,0,0,0,49,0,0,97
23,Thursday,2,1,1,27.877102945379256,531,1,1,0,16,0,0,73
9,Tuesday,3,1,0,51.00601270974947,630,0,1,1,172,1,1,41
18,Tuesday,1,0,0,73.19653057177602,634,0,0,1,92,1,0,19
20,Wednesday,2,1,0,33.47614290071952,583,0,0,1,75,0,1,96
7,Sunday,2,1,1,78.88591870184979,771,2,1,0,23,1,0,51
21,Monday,0,1,1,18.455919490204366,613,0,0,1,166,0,2,53
13,Saturday,1,1,0,17.86083968166914,624,2,1,1,132,0,2,77
23,Sunday,0,1,1,34.93816905866257,610,0,0,0,159,1,2,27
2,Thursday,0,0,0,61.946030747162936,829,2,0,0,106,1,2,89
23,Monday,0,1,1,31.537678250910613,183,1,0,0,101,0,0,52
15,Friday,3,1,1,45.27153484641069,504,0,1,1,89,1,2,81
0,Saturday,3,0,0,47.90923082025978,746,1,1,1,49,1,2,37
16,Saturday,3,1,1,14.600823467616463,366,0,0,1,94,1,2,39
21,Wednesday,3,1,0,50.25721356777855,379,0,0,0,173,1,0,27
3,Friday,2,0,1,76.51801747771802,973,0,1,0,155,0,2,22
21,Thursday,2,1,0,11.199154724516823,274,1,0,1,38,0,0,60
15,Saturday,2,0,0,53.88957644564726,591,1,1,1,120,1,0,23
14,Thursday,1,0,1,17.3683091161692,777,2,1,1,46,0,1,2
0,Monday,3,1,0,68.14438909346796,899,1,0,1,145,1,1,15
1,Tuesday,2,0,0,48.74151469134821,426,1,1,0,97,0,0,34
4,Tuesday,1,0,0,50.70359097416488,326,1,0,1,159,1,0,35
0,Wednesday,3,0,1,57.79786048470662,614,1,0,0,198,0,1,24
23,Saturday,1,1,1,57.99609117845227,942,2,1,0,39,0,1,32
19,Tuesday,1,0,0,42.10944426903857,602,1,1,0,173,0,0,86
23,Sunday,2,1,0,15.547544345622809,929,0,0,0,103,0,1,78
9,Saturday,2,1,0,43.47200692806234,616,2,0,1,176,0,2,94
5,Thursday,2,1,1,42.94892945170222,965,2,0,0,33,0,0,70
1,Friday,0,0,1,77.82486068052802,978,0,1,0,148,0,2,61
5,Friday,2,1,0,37.21529601924277,662,0,1,1,123,0,1,89
7,Thursday,3,0,1,59.476079081396016,84,0,0,0,36,1,0,51
18,Wednesday,3,0,0,37.046824234365225,489,2,0,0,163,0,1,41
6,Sunday,2,1,1,34.07693099590911,605,2,1,1,178,1,0,68
11,Friday,3,1,0,35.94035082929472,858,2,0,1,114,0,2,2
11,Wednesday,0,1,1,77.06630903754751,452,0,1,0,176,0,2,93
4,Saturday,3,1,1,62.23433470857632,670,2,0,0,149,0,1,96
9,Sunday,1,0,1,14.295063210751069,156,1,1,1,148,1,0,89
14,Thursday,0,0,0,45.909810963132195,954,1,1,0,66,0,2,40
13,Friday,0,0,1,71.93996604324248,357,1,1,1,183,1,2,69
17,Tuesday,0,1,0,23.259010679500317,787,2,0,0,17,0,1,98
7,Wednesday,1,0,0,45.14158535640143,761,1,0,0,83,0,1,29
20,Sunday,3,1,0,69.0898016143246,593,0,0,1,77,1,0,57
12,Thursday,0,0,1,75.15295023942937,485,1,0,1,34,1,0,55
15,Wednesday,2,0,0,48.12137279600969,792,1,0,1,54,0,2,46
12,Monday,0,1,0,45.078452839304425,567,2,1,1,34,1,0,69
13,Monday,3,1,0,44.29255900670496,301,0,1,0,117,0,2,4
9,Thursday,2,0,0,23.306049185151963,574,0,1,0,13,1,1,61
15,Sunday,2,1,1,36.177698832433,443,1,1,1,141,0,1,35
3,Sunday,1,0,1,44.17492113291896,900,0,1,1,192,0,0,77
17,Wednesday,3,0,1,16.976395183469574,873,2,0,1,46,0,2,73
6,Saturday,3,1,1,52.404191718399616,915,1,1,0,19,1,2,100
23,Monday,3,1,1,62.08389529476138,623,0,1,1,136,1,2,90
17,Tuesday,2,0,0,40.68862772717304,816,1,1,1,164,0,1,6
14,Friday,1,1,0,19.653750086476045,547,2,0,1,65,1,2,36
5,Thursday,0,0,0,14.925370810748102,690,0,0,1,29,1,2,12
0,Monday,1,1,0,36.76184576282698,924,1,0,1,180,1,2,89
16,Friday,0,0,1,37.60152989236019,763,1,1,0,127,1,2,41
21,Wednesday,3,0,0,14.226624935301762,363,1,1,1,61,1,0,56
17,Friday,3,1,1,58.84567224677442,605,1,0,1,122,0,1,11
10,Saturday,3,1,0,42.23465623002092,504,1,1,1,43,0,1,61
13,Saturday,3,0,0,16.075185337225424,523,2,0,0,93,1,2,72
22,Sunday,2,0,0,23.34600760046782,503,0,1,0,120,1,0,49
21,Sunday,1,1,1,30.073628252593124,478,1,0,0,97,1,1,63
8,Friday,0,0,0,13.060437817704768,873,2,0,0,32,1,2,7
22,Tuesday,1,1,1,22.321886703796267,830,1,1,0,177,0,0,97
22,Monday,1,1,1,27.549058640059478,629,2,0,0,93,1,0,17
6,Tuesday,0,0,1,40.51008518357149,814,1,1,1,32,1,2,50
22,Tuesday,1,0,1,29.706154157196803,749,1,0,0,193,1,0,2
9,Saturday,2,1,0,25.547324892278148,352,2,1,1,127,0,0,17
14,Monday,0,1,1,36.079503865205126,227,1,1,0,117,0,1,40
18,Tuesday,3,0,0,62.237226137781924,75,1,1,0,175,1,2,37
1,Wednesday,0,0,1,17.735243015112303,975,2,0,1,72,1,1,71
11,Wednesday,2,1,0,47.464060042940126,463,2,1,1,66,0,2,2
14,Tuesday,3,1,0,67.06080866092988,680,1,1,1,196,0,0,80
21,Friday,1,0,1,49.88453433756343,574,0,0,0,91,1,1,52
18,Tuesday,3,0,1,40.61277469635283,538,2,1,1,162,1,0,66
17,Saturday,2,0,0,48.28531670518793,378,0,0,1,30,0,1,74
16,Monday,0,1,1,42.358597275183676,717,2,1,0,53,1,2,87
21,Saturday,2,1,0,63.18357359134973,827,0,1,1,105,0,0,11
18,Tuesday,2,1,0,76.2062440999452,413,2,0,1,24,0,0,58
4,Sunday,0,0,1,22.412954333510058,161,1,0,1,150,0,0,10
3,Thursday,3,0,1,51.059565498829016,730,2,1,1,136,1,1,83
18,Sunday,0,0,0,41.40238203122408,155,0,1,1,54,0,0,36
9,Monday,3,0,1,25.70132324712607,702,0,1,1,184,0,1,58
22,Friday,2,0,0,54.55737532305391,713,0,0,1,39,0,1,19
11,Wednesday,3,1,0,47.467307716841006,133,1,0,1,23,0,0,37
8,Thursday,0,0,0,49.07760748963603,219,1,0,1,11,1,2,37
8,Thursday,0,0,1,11.347763191668141,888,2,0,1,128,1,0,68
20,Friday,3,1,1,43.38081060750561,656,1,0,1,143,0,1,92
15,Thursday,1,1,1,71.95012163628755,393,1,1,0,84,0,1,56
5,Saturday,1,1,0,41.945344484829896,669,2,1,1,162,0,0,28
10,Thursday,1,1,1,16.428417096516334,536,0,1,1,119,0,1,65
18,Saturday,0,1,1,69.12220958772403,380,0,1,0,21,0,0,94
23,Wednesday,3,0,0,54.230854264575136,397,0,0,0,121,1,2,30
5,Thursday,1,0,1,57.09507513760741,612,2,0,0,104,0,0,57
13,Saturday,2,1,0,43.095079235320334,141,0,1,0,146,0,2,92
16,Thursday,1,0,1,27.6503168482767,586,1,0,0,70,1,2,36
17,Saturday,1,0,1,33.4197382583537,74,1,1,1,163,0,2,8
0,Tuesday,3,0,0,77.47831828469623,104,2,1,0,75,1,1,33
8,Friday,3,0,0,31.01649803898397,896,0,1,1,145,1,1,13
6,Monday,0,0,1,12.096165942454185,413,1,0,0,67,1,2,17
22,Wednesday,3,0,1,47.76613566805803,869,0,0,0,103,0,1,68
23,Monday,0,1,0,25.226854374486912,376,1,1,0,181,0,1,43
13,Friday,3,1,1,77.75303963078375,833,2,1,1,76,0,1,39
3,Sunday,0,0,0,48.875792118999804,961,0,1,0,198,1,0,66
20,Tuesday,2,1,0,53.89864922832021,966,1,1,0,154,1,0,93
17,Tuesday,0,0,1,29.47894444294355,927,1,1,0,112,1,1,98
23,Friday,1,1,1,18.51060102615785,546,2,0,0,163,0,1,78
23,Thursday,3,0,1,44.59501765731206,128,1,1,1,156,0,1,49
9,Thursday,3,1,0,66.4589089674873,670,2,1,1,142,1,2,40
20,Wednesday,1,1,0,66.18320967807011,616,2,0,1,103,0,0,93
13,Thursday,2,1,0,15.981578473827096,419,0,0,1,175,0,1,79
1,Sunday,0,0,0,33.75494336596351,672,1,1,0,180,0,2,0
4,Tuesday,1,0,0,21.605476719421794,774,1,1,1,121,1,2,47
10,Wednesday,3,1,0,25.175428283532924,388,0,0,0,87,1,1,74
3,Saturday,0,0,1,54.60440964332422,206,2,0,1,107,1,0,10
12,Sunday,1,0,0,23.90081625564092,475,2,1,0,142,1,1,63
17,Monday,2,1,0,24.257590360669532,558,0,0,1,192,0,1,50
21,Thursday,1,1,0,56.984057000212665,420,0,0,1,26,0,2,90
23,Thursday,0,1,0,13.141353455053949,734,1,0,0,95,1,2,22
19,Saturday,3,1,0,76.09026439184842,90,1,1,1,143,0,0,70
20,Sunday,2,1,1,64.98192708637127,527,2,0,1,148,0,1,28
14,Tuesday,1,1,1,68.34650529879266,325,2,0,0,114,0,0,49
16,Tuesday,1,0,0,57.90345843217038,792,1,0,1,165,1,0,6
2,Wednesday,1,1,1,24.807107338128326,368,2,0,0,11,1,1,2
13,Sunday,2,0,0,37.90543431838279,489,1,0,0,79,0,0,72
23,Thursday,2,1,1,29.798147057997078,64,1,1,1,26,0,2,44
8,Friday,0,0,1,50.662182201113254,171,2,0,0,116,0,2,6
5,Wednesday,0,1,1,71.97463421564045,517,2,0,0,20,0,0,54
17,Saturday,2,1,0,78.08125484951164,593,2,0,0,49,1,1,89
11,Sunday,3,0,0,29.1866485622115,772,2,0,0,172,1,1,99
19,Friday,2,1,1,44.807206039981295,408,1,1,0,115,1,2,49
17,Tuesday,2,0,1,54.263082734581594,68,2,0,0,189,0,2,43
9,Thursday,3,1,1,10.13624894821125,495,0,0,1,189,1,2,64
10,Friday,0,0,0,53.36600658396073,659,2,1,0,65,1,1,35
6,Sunday,3,1,1,12.344381140919447,805,1,0,1,96,0,2,100
19,Saturday,1,1,1,32.67852446352517,222,2,1,1,83,1,2,48
13,Thursday,1,0,0,52.33026544131648,406,0,1,1,122,1,1,76
10,Thursday,3,1,0,70.10806300148164,267,2,1,1,13,1,1,60
17,Friday,2,1,0,20.87821687056239,230,2,1,1,165,1,1,9
19,Thursday,2,0,1,66.82333798819027,302,0,0,1,49,0,1,5
14,Thursday,2,0,1,10.616378695207162,167,0,0,0,186,1,1,3
8,Thursday,1,1,0,16.822760032246926,446,2,1,0,57,1,2,94
9,Wednesday,3,1,0,18.329207456236094,442,1,1,1,168,1,2,0
16,Tuesday,0,0,1,70.09486975260731,338,0,0,1,82,0,2,36
6,Sunday,3,0,0,41.870697155506654,354,1,1,1,103,1,0,39
5,Wednesday,2,1,0,25.146672794214968,330,0,0,0,49,1,0,30
4,Friday,3,1,0,71.85880503675745,487,2,0,1,18,0,0,49
20,Friday,1,0,0,30.102941020025874,519,2,1,0,92,1,0,38
10,Tuesday,3,1,1,76.52726337240996,123,0,0,0,61,0,1,3
10,Sunday,3,1,1,49.2123284925549,810,2,0,1,63,0,0,72
14,Tuesday,2,1,1,75.8926558806519,170,2,0,0,134,0,1,94
9,Monday,2,0,0,20.706280063277358,204,1,1,0,168,0,2,42
8,Tuesday,0,0,0,47.44811016448422,875,2,1,1,41,0,1,62
10,Wednesday,2,1,0,65.55932993463644,867,1,0,0,55,1,0,8
18,Thursday,1,0,0,55.88693920391419,170,2,0,0,47,0,0,91
8,Saturday,0,1,1,72.26480408059767,421,2,1,1,97,0,2,38
8,Thursday,1,1,1,45.122657694217445,543,1,0,1,187,1,0,20
3,Sunday,3,1,1,38.321437250207225,766,0,1,0,39,1,1,9
1,Friday,3,0,0,28.124428376182344,212,0,0,1,62,1,1,94
7,Saturday,2,1,1,58.16540924136497,950,1,1,0,27,0,2,35
7,Monday,2,1,1,32.58134898254285,513,0,1,0,187,1,2,80
0,Sunday,0,0,1,66.40085866079872,364,0,1,1,92,1,0,3
14,Sunday,2,1,1,77.12866490908955,291,0,0,0,97,0,2,33
1,Saturday,3,0,1,24.058115739054326,113,0,1,0,79,1,1,25
22,Tuesday,2,1,0,70.52411658133119,850,1,0,0,162,0,1,27
10,Thursday,3,0,1,30.603946819681116,903,1,1,1,12,0,0,50
16,Saturday,3,1,1,25.04970854071619,508,2,1,1,64,0,2,61
14,Tuesday,2,0,1,78.71252109521556,479,1,0,1,152,1,1,41
10,Tuesday,3,1,0,36.89807175804884,976,0,1,0,137,1,0,93
12,Tuesday,1,0,0,62.15419564086758,743,1,0,0,171,0,1,62
7,Wednesday,2,1,1,25.360483814927033,97,1,0,0,23,0,2,80
17,Thursday,2,1,1,47.27654033910749,664,0,0,1,49,0,2,86
7,Thursday,0,0,1,64.6514140036862,346,1,1,0,70,0,1,33
2,Wednesday,0,0,1,60.81555667966022,304,1,0,0,135,1,2,26
3,Sunday,0,0,0,39.35561893955801,898,0,1,1,12,1,0,38
14,Friday,1,0,0,16.563790429545442,602,2,1,1,118,0,1,9
16,Tuesday,2,1,1,79.8418243781738,553,1,0,0,142,1,0,4
13,Wednesday,2,0,1,17.839820518650896,336,2,1,1,168,1,2,60
8,Tuesday,3,0,0,11.83851279782813,598,2,1,1,141,1,2,33
2,Monday,2,0,1,55.124241685846265,945,2,0,0,147,1,0,52
21,Saturday,0,1,1,62.20329773138468,542,0,0,0,81,1,2,48
1,Tuesday,3,0,0,34.93665838157358,634,0,1,1,151,0,2,18
6,Wednesday,0,1,0,62.11279725415556,282,2,0,0,84,0,1,13
12,Saturday,3,0,1,56.95239541473816,686,0,0,0,54,1,0,59
16,Sunday,2,0,0,23.33635654072723,785,2,0,0,124,1,1,74
9,Friday,3,1,0,66.44618151306832,54,2,0,1,175,1,2,71
0,Thursday,1,1,0,60.54019248553418,426,2,0,1,142,0,2,25
10,Sunday,2,1,0,51.502897650384355,575,1,1,0,80,0,2,13
9,Friday,2,1,1,63.61736944919769,434,0,0,0,142,1,2,28
19,Monday,1,0,1,45.95341711398514,478,1,0,0,98,1,2,34
19,Tuesday,3,1,1,66.7350507931346,62,2,1,1,49,1,1,72
1,Wednesday,1,0,1,17.169939373353284,554,0,1,1,17,0,1,30
17,Thursday,3,1,1,22.266477329961255,431,2,1,1,121,0,2,37
6,Tuesday,2,1,1,12.920528304128407,180,1,1,0,31,1,2,25
17,Tuesday,0,1,0,22.6003774298576,107,0,0,0,79,0,2,70
5,Thursday,2,1,1,66.48413609463819,837,1,1,1,56,1,1,85
2,Monday,0,0,1,77.55760237184266,511,2,0,0,58,0,0,52
21,Sunday,0,1,0,30.3415091738799,949,2,0,1,75,0,2,82
10,Tuesday,0,0,1,16.478467150984486,444,1,1,1,37,0,1,73
23,Monday,1,0,1,37.13240189682039,837,0,1,0,174,1,0,52
20,Sunday,2,1,0,56.49745693611762,917,2,1,1,117,1,1,63
18,Thursday,3,0,1,13.977609023415283,248,2,0,1,158,0,0,44
20,Thursday,1,0,1,40.63175569362312,117,1,0,0,30,0,1,77
3,Sunday,3,0,0,38.452667052555796,964,0,1,1,121,0,2,50
3,Thursday,0,1,0,30.59078758869191,764,2,0,0,18,1,1,56
12,Tuesday,0,0,0,28.37576922986441,974,2,0,0,155,0,1,55
12,Sunday,0,0,0,19.856439143863234,458,1,1,1,138,0,2,43
18,Monday,3,0,0,69.7556168932013,427,0,0,1,41,0,0,46
4,Thursday,3,0,0,69.49679609716975,457,0,0,0,133,1,2,45
18,Tuesday,0,1,1,29.258449531438828,912,1,0,0,110,0,2,16
1,Tuesday,1,0,1,30.67650392758693,467,1,1,0,18,0,2,60
16,Monday,1,1,0,76.33318629804832,425,2,0,0,39,1,2,74
5,Thursday,3,0,1,24.999800903496908,697,2,1,0,112,1,1,66
9,Monday,3,1,1,32.46509909714098,536,1,1,0,20,1,2,81
2,Friday,0,0,0,66.08179565375058,984,1,0,1,128,1,1,59
7,Tuesday,1,1,1,35.7491709504321,287,1,1,0,32,1,2,94
15,Wednesday,0,0,0,78.44467033209999,170,2,1,1,72,1,2,87
9,Saturday,1,1,1,32.68506495479294,328,2,1,0,127,1,2,84
18,Tuesday,1,0,0,71.49706396349436,476,0,1,0,66,1,0,97
13,Sunday,1,0,0,61.173643056799285,957,1,0,0,51,1,2,54
4,Wednesday,3,0,0,12.129530808889601,288,0,0,0,158,0,1,13
16,Monday,0,0,1,66.79983691965374,451,2,0,1,158,1,1,55
19,Wednesday,2,0,0,35.97468842123378,292,0,1,0,58,1,0,35
23,Tuesday,3,0,0,38.276213328465516,727,2,1,1,75,0,0,30
7,Thursday,0,1,0,59.287560655816876,947,1,1,1,69,0,1,88
13,Sunday,0,1,0,10.273557248596305,248,1,1,0,172,0,1,94
23,Friday,0,0,0,62.71399755005172,619,2,1,1,175,0,2,62
15,Saturday,2,1,1,65.60707984564928,549,1,1,1,57,1,1,13
11,Sunday,1,1,0,45.332520117216305,958,2,1,0,148,1,0,10
9,Friday,0,1,1,53.012606559478144,285,2,0,0,171,0,0,5
6,Saturday,2,0,0,41.2755151033313,796,1,1,0,47,1,2,16
21,Monday,3,0,0,73.74995388967848,866,0,0,0,125,1,2,52
7,Thursday,1,0,0,17.162309644294268,999,0,1,0,69,0,0,20
19,Tuesday,0,1,1,39.24621888390942,449,1,1,1,119,1,0,24
11,Sunday,1,0,0,14.918198323617235,768,2,0,1,110,1,1,56
19,Sunday,2,0,1,41.41384949192248,476,1,0,0,95,1,1,9
16,Saturday,0,1,1,48.5358394133208,487,2,1,1,197,1,0,84
0,Thursday,2,1,1,53.04784290663637,528,0,1,0,156,0,0,28
16,Tuesday,0,0,0,41.92466746520921,163,1,1,0,22,0,2,76
5,Friday,2,1,0,27.441667299069895,386,2,1,0,116,0,1,16
12,Sunday,1,1,0,22.172574529530213,987,0,1,0,184,0,2,24
2,Saturday,3,1,1,48.07630182793034,274,1,1,1,123,1,0,85
2,Saturday,3,1,1,48.35860163476245,243,2,0,1,39,0,0,50
22,Monday,3,0,0,43.92406309204189,959,2,1,0,93,0,1,54
2,Monday,0,0,1,34.964272358262036,355,2,1,1,51,0,0,7
12,Monday,0,1,1,34.66980440380914,456,1,1,0,135,0,2,4
12,Friday,3,0,0,12.167413799777528,311,1,1,1,130,0,1,72
20,Tuesday,0,0,1,28.19728150555905,254,2,1,1,114,0,2,57
7,Tuesday,0,0,1,74.38582078304992,924,2,1,1,189,1,1,20
10,Sunday,3,0,0,55.797925822232784,593,0,1,0,139,1,0,1
17,Saturday,2,0,1,54.91708910590035,882,0,0,0,163,1,2,3
4,Thursday,0,1,0,19.035403169750552,216,0,1,1,115,0,0,70
22,Friday,3,0,1,31.63808215258632,807,0,1,0,106,0,2,64
1,Tuesday,0,1,1,67.85847811139261,214,2,0,0,65,1,2,76
21,Monday,0,0,1,37.825000704360235,145,1,0,0,123,0,2,9
10,Saturday,3,0,0,42.817001876875615,393,0,1,1,44,0,1,10
22,Thursday,2,1,1,34.13637674401937,543,0,1,1,75,1,2,4
11,Monday,1,1,1,40.58598048982308,539,2,1,0,85,0,2,6
11,Sunday,2,1,1,48.120333031857754,363,1,0,1,111,0,1,22
14,Sunday,3,0,0,23.553275731636713,337,1,1,0,38,1,2,74
18,Thursday,3,1,1,64.84107985969561,506,0,1,0,187,0,0,94
19,Thursday,3,0,0,42.29964301047784,404,1,1,0,99,1,0,92
19,Wednesday,2,1,1,28.49333580579313,298,0,0,0,59,0,2,88
17,Tuesday,3,1,0,51.71319532129996,921,0,0,1,51,1,2,48
10,Monday,3,1,0,55.95303114825743,604,0,1,1,88,1,1,19
20,Saturday,1,0,1,70.78996003510532,208,0,1,1,134,1,2,27
0,Monday,1,1,0,15.974760183363495,630,1,1,1,80,0,0,22
22,Monday,0,0,0,66.64386559345319,990,0,0,1,51,1,1,31
2,Friday,0,0,0,69.97645831841123,823,0,1,1,30,1,0,48
21,Monday,1,1,0,32.587227109449515,629,1,0,0,127,1,1,27
19,Saturday,0,0,1,24.486532984061107,135,0,0,0,54,1,2,73
0,Friday,3,1,1,45.23549882363942,382,1,1,0,89,0,2,79
20,Saturday,0,1,0,43.01965358845844,887,0,0,1,146,1,0,32
1,Wednesday,1,1,0,68.25402867996239,116,2,0,0,162,0,1,4
12,Thursday,2,0,0,67.69369787825455,278,1,0,0,103,0,1,91
13,Tuesday,1,0,0,34.15669121774532,73,2,0,0,57,0,0,83
8,Monday,3,1,0,58.56946205820726,425,1,0,0,161,0,1,29
2,Friday,3,0,1,70.4036496860668,979,2,0,0,158,1,0,93
10,Monday,3,0,1,57.54352338452548,906,1,0,1,191,0,1,94
7,Thursday,0,1,0,26.817663010972268,516,0,1,1,27,1,2,30
17,Friday,0,1,0,21.221475219528806,178,2,1,1,101,1,0,18
16,Friday,0,0,1,32.18295328295831,61,1,1,0,179,0,2,90
2,Sunday,2,0,0,26.75684593290532,562,0,0,0,96,1,2,46
3,Wednesday,2,1,1,77.77983343758339,105,0,1,1,29,1,1,7
1,Sunday,1,0,0,19.307956351823467,471,2,1,0,39,1,2,48
23,Tuesday,1,0,0,69.84104741342874,953,0,0,1,158,1,1,84
13,Saturday,0,1,0,69.79671703190414,227,2,0,0,103,0,0,0
16,Tuesday,0,0,0,14.017383890991876,829,0,1,0,164,1,2,96
2,Friday,2,1,1,72.2512869105203,103,0,0,0,112,1,1,93
12,Sunday,3,1,1,79.17281905073055,541,1,1,0,177,0,1,88
3,Monday,2,0,0,24.563673963720298,611,1,0,1,23,0,0,11
8,Tuesday,2,0,1,17.16438082265988,542,1,0,0,193,1,2,81
8,Thursday,2,1,0,62.21743633250125,878,0,1,1,186,1,2,80
18,Monday,3,1,0,34.172630208951496,967,2,1,1,180,0,2,20
17,Monday,1,1,1,59.305241350605165,562,2,1,1,108,1,2,66
21,Monday,0,0,1,70.68753554340546,592,0,0,1,162,0,0,34
10,Sunday,2,0,1,78.91050507421004,723,1,0,1,88,0,0,63
22,Thursday,0,1,0,42.002723171967126,328,1,0,0,88,1,2,60
8,Thursday,2,1,0,72.1813115368241,241,2,0,1,60,1,0,83
4,Friday,0,1,1,66.24903034268193,992,0,1,0,15,0,1,88
15,Saturday,1,1,1,49.131563455251886,251,0,1,1,22,0,2,22
1,Monday,0,0,1,47.09822288529654,934,2,0,0,174,1,2,66
22,Monday,1,1,0,21.047293880993514,666,1,1,1,54,0,0,72
14,Tuesday,0,1,0,60.81731369193721,957,1,0,1,175,1,0,86
12,Tuesday,1,0,1,34.25055791832973,874,1,1,0,197,0,0,79
3,Saturday,0,1,0,16.704677913479657,825,0,1,1,126,0,2,74
16,Friday,0,0,1,21.851175642444996,999,0,1,0,158,1,1,54
0,Tuesday,3,0,0,70.14703253713162,696,0,0,0,35,0,1,53
23,Tuesday,0,0,0,52.788454576577514,931,0,0,0,40,1,1,54
3,Saturday,3,0,0,40.99938252527443,577,1,1,1,128,0,1,23
3,Tuesday,2,1,0,14.083709765993246,181,1,1,0,11,0,0,44
19,Thursday,3,1,0,15.104178184005123,395,0,0,1,77,1,0,72
9,Wednesday,1,0,0,69.62278570626287,434,2,1,1,70,1,1,80
10,Tuesday,3,1,1,63.427209404857706,767,0,0,0,71,0,1,78
14,Sunday,1,0,1,74.42291582627954,372,0,0,1,168,0,0,71
7,Saturday,2,1,0,44.569176938926404,115,1,1,1,160,1,1,29
7,Saturday,3,0,0,21.807017498245322,216,0,0,0,154,0,1,82
5,Wednesday,0,0,0,56.158390194233306,229,2,1,0,87,0,2,54
2,Friday,0,0,1,76.4243200152113,940,2,1,0,51,0,1,89
5,Thursday,3,0,1,14.098270885618819,443,1,0,0,13,1,2,35
8,Saturday,3,1,1,10.236203672464402,794,1,0,0,160,1,2,67
20,Tuesday,2,1,0,54.084556488473225,68,1,1,0,86,1,1,40
19,Monday,0,0,0,26.44697898857155,152,2,1,0,160,0,2,63
22,Wednesday,2,0,1,55.45909687632495,573,2,0,1,133,0,2,81
19,Monday,1,0,1,42.13311062008753,158,0,1,1,19,0,0,11
19,Monday,1,1,0,78.7549972064515,596,0,0,0,123,1,1,8
14,Thursday,0,0,1,23.116989152753263,794,0,0,0,95,1,2,33
1,Tuesday,3,1,0,38.19850815917977,941,2,0,0,85,1,2,13
17,Tuesday,0,1,1,35.1778524487623,624,1,1,0,185,0,0,7
15,Sunday,0,0,1,73.06063191628277,868,2,0,1,75,0,1,39
6,Tuesday,0,1,0,20.65733051784138,409,0,0,1,58,0,0,83
23,Tuesday,0,1,0,64.41601848970052,771,1,0,0,144,1,1,36
2,Saturday,0,1,0,27.071142952154787,657,1,0,1,17,0,0,24
15,Wednesday,1,1,1,23.784139597785178,982,2,0,0,195,0,0,71
3,Sunday,3,0,1,25.179070891978803,454,1,0,1,99,1,0,21
16,Saturday,1,1,0,65.38850208114732,815,1,0,0,155,1,1,49
3,Thursday,2,1,0,56.98642429820058,733,1,0,1,168,1,1,12
1,Friday,1,1,1,17.685317160406573,865,1,1,1,82,1,0,9
22,Thursday,0,0,0,55.721489673341395,427,1,1,1,68,0,0,34
17,Wednesday,1,1,0,10.594489441776107,937,1,1,1,77,1,0,25
1,Wednesday,3,1,0,46.1381428503806,85,0,0,0,148,0,2,2
16,Monday,3,1,0,19.459584347197115,68,2,0,0,145,0,1,44
4,Friday,0,0,1,50.83034447942702,240,2,0,0,182,0,2,92
7,Sunday,1,0,1,45.51532147289133,967,2,1,1,154,1,1,58
22,Friday,0,1,0,70.58491657512597,251,2,0,0,39,0,2,79
15,Saturday,0,1,1,65.86251723792182,246,2,0,0,18,0,1,71
10,Friday,0,0,0,44.7831441974258,742,2,1,1,80,0,1,23
14,Friday,2,1,0,48.592792481422805,83,2,0,1,122,0,0,88
0,Tuesday,0,1,1,48.83452895615223,93,1,1,1,180,0,0,43
7,Monday,1,1,0,45.42790544422593,267,2,0,0,67,0,0,66
9,Sunday,2,0,0,75.9770027242292,232,1,1,0,156,0,1,56
1,Wednesday,3,1,1,40.23699156787272,823,2,0,0,50,0,0,95
23,Friday,2,1,1,46.42427125384458,856,0,0,0,91,0,2,53
18,Sunday,1,0,1,68.57134571805055,782,1,0,0,38,1,2,21
13,Sunday,0,0,0,32.96666483856521,232,0,1,1,45,1,0,51
19,Thursday,0,0,1,44.829885331707445,848,0,0,0,31,0,1,8
16,Thursday,0,1,1,41.90582818944378,319,0,0,1,21,1,0,12
2,Saturday,3,1,1,59.18723939595942,692,2,0,1,54,1,2,68
22,Friday,1,1,0,12.364769500807615,483,0,1,1,23,1,2,80
2,Sunday,1,1,0,37.585503394155126,374,0,1,1,120,1,2,89
7,Thursday,0,0,0,10.032149657082293,72,2,0,0,78,0,2,46
13,Thursday,3,1,0,62.84551530777995,903,1,1,0,101,0,2,11
11,Sunday,3,1,0,65.61093002431632,77,0,1,0,169,0,1,73
11,Friday,1,0,1,47.42464180642863,812,2,0,1,61,1,1,85
18,Sunday,3,1,1,76.32983032128676,982,1,1,0,14,1,1,30
2,Wednesday,2,1,1,65.14838267006587,831,1,1,0,159,0,1,57
20,Tuesday,1,0,1,60.458478011386994,898,1,1,0,54,0,2,30
11,Monday,0,1,1,16.19498243465125,741,1,0,0,13,1,0,76
12,Friday,2,1,0,45.4635996000931,135,2,1,0,68,1,2,40
11,Monday,2,1,1,64.93565381754522,873,1,1,1,82,1,2,72
0,Sunday,3,1,0,65.83208918244046,799,0,1,0,193,1,1,100
11,Monday,2,1,0,67.82168474449503,76,0,0,0,121,0,1,89
6,Friday,0,1,0,27.02697401775899,102,0,1,0,65,0,0,78
5,Tuesday,0,0,1,31.13074149165509,421,2,0,1,166,0,1,40
14,Saturday,2,0,1,24.899916654395106,865,0,0,0,23,0,2,16
6,Sunday,1,1,1,46.48574217741923,653,2,0,0,83,0,0,29
12,Friday,2,0,0,48.77812330420923,108,2,0,1,109,0,2,61
4,Friday,0,1,0,59.863046729135725,77,1,1,1,98,1,0,85
17,Thursday,2,0,0,10.45618557101225,878,0,0,0,15,0,0,20
1,Monday,3,0,0,21.198422224267546,718,0,0,0,103,0,2,69
4,Monday,1,1,0,44.31444083962084,628,1,0,1,164,0,2,30
4,Monday,1,1,0,15.990335326166717,456,2,1,0,182,0,0,60
22,Monday,3,1,1,23.761553403413753,826,1,0,0,111,1,2,21
18,Wednesday,3,0,0,31.61266752225482,905,1,0,1,160,1,0,69
9,Tuesday,0,1,0,48.960730656860264,156,2,1,1,81,1,1,76
18,Friday,3,1,0,30.777350107110845,285,1,0,0,149,0,0,11
2,Sunday,2,1,0,59.090249815317314,373,2,1,0,162,1,1,20
8,Sunday,0,0,1,20.400999446026187,287,0,1,0,100,1,1,0
15,Sunday,3,1,1,71.68225512030253,909,2,1,0,85,1,1,22
5,Monday,3,1,1,79.69531567965461,220,1,1,0,38,0,1,58
21,Tuesday,1,0,1,70.28965056672175,855,1,0,1,94,0,1,14
5,Thursday,2,0,0,51.26319565112011,806,2,0,0,162,0,0,87
16,Saturday,1,0,1,32.9412839851092,849,0,0,0,132,1,2,95
18,Friday,0,1,1,67.06466174316174,703,2,1,1,58,1,0,9
13,Thursday,1,1,0,33.96047986797778,862,2,1,0,37,1,2,39
1,Monday,2,0,0,76.7469163194985,646,2,1,0,43,1,0,4
18,Wednesday,0,0,1,37.90635620066412,984,2,1,1,149,1,0,85
2,Thursday,3,1,0,69.43511199605132,557,2,1,1,197,1,1,59
13,Friday,2,0,0,16.54845528946784,603,2,0,1,80,0,0,71
10,Sunday,1,0,1,36.09858643826921,509,2,1,1,59,1,1,68
5,Thursday,2,1,1,18.67371420845635,82,2,0,0,54,1,0,45
22,Monday,1,1,0,34.52530734031116,713,0,0,1,68,0,1,33
11,Thursday,1,0,0,27.92010574291478,153,1,1,1,95,1,2,2
13,Monday,1,0,0,63.14020839451828,414,0,0,1,192,0,0,50
3,Tuesday,1,0,0,26.816129903294154,883,2,0,0,132,0,2,2
2,Tuesday,2,1,1,11.40786410145221,387,0,0,0,117,1,2,27
19,Thursday,1,1,0,23.07077754710741,64,0,1,1,161,0,2,75
14,Wednesday,3,0,1,39.81381586558976,574,1,1,1,188,0,0,14
11,Sunday,1,0,0,43.61299638039057,698,2,0,0,54,0,1,73
22,Sunday,3,0,1,70.81720523699701,918,0,0,1,128,0,0,88
3,Friday,0,0,0,28.448812356917482,121,0,1,0,14,1,0,31
6,Friday,1,0,0,32.01956008603854,289,1,1,0,126,1,1,55
22,Monday,0,0,0,33.402136649708794,263,0,1,1,83,1,0,0
19,Saturday,2,0,1,66.19622742853161,377,1,1,0,151,0,1,46
11,Monday,3,0,0,51.398677754858376,695,0,0,1,177,1,0,45
3,Friday,0,0,0,20.02404708500419,755,2,0,0,77,0,1,78
8,Wednesday,0,1,0,23.647178884675974,863,0,0,1,87,0,0,90
23,Friday,1,1,0,38.07718816120851,686,1,1,0,128,1,0,50
16,Friday,2,1,1,67.54717463110688,966,2,0,1,54,0,0,4
10,Saturday,2,0,1,23.200624459842235,339,2,0,0,121,0,1,79
17,Wednesday,3,1,1,42.78172652655448,110,1,1,1,193,0,2,48
7,Tuesday,3,0,1,68.0423432521662,110,2,0,1,67,0,0,8
21,Sunday,0,0,1,16.73953953453995,672,0,0,0,16,1,1,89
10,Sunday,1,0,0,59.64153893572154,347,1,0,1,77,0,0,43
14,Wednesday,3,1,0,76.03809957175399,541,1,0,1,189,0,0,78
17,Tuesday,0,0,1,43.59147544311738,572,0,1,1,106,1,1,12
14,Monday,3,1,0,39.87525136765018,658,1,0,1,121,0,1,52
3,Monday,1,1,0,47.16246807192098,62,2,0,0,199,1,0,12
14,Thursday,2,1,1,10.711937075017866,600,1,0,0,29,0,1,33
2,Saturday,1,1,1,61.147604521062135,703,2,0,0,14,1,1,82
2,Sunday,1,0,0,52.79212237351857,416,1,1,1,13,0,0,14
22,Saturday,1,0,1,41.97514873498274,738,1,1,0,48,1,0,77
2,Monday,3,1,0,42.87134603910006,431,2,1,0,147,0,2,37
2,Friday,3,0,0,31.456945608034964,66,0,0,0,31,0,1,53
22,Tuesday,1,1,0,42.02349939983794,652,1,1,0,165,1,2,72
18,Wednesday,2,1,0,29.057112264619825,623,0,0,0,166,1,2,75
17,Thursday,2,0,0,76.97291735466293,79,2,1,0,131,1,1,80
22,Saturday,3,0,0,27.574754351818022,542,1,1,1,32,0,2,97
20,Sunday,0,0,1,72.992495591673,490,0,1,0,145,1,1,71
2,Sunday,0,1,0,33.5726514152081,602,1,1,1,100,0,1,7
16,Monday,0,0,0,35.113421268350045,983,1,0,1,125,0,0,71
7,Sunday,0,0,1,68.50622908313971,719,2,0,1,80,0,0,56
3,Thursday,0,0,1,66.19525199809843,814,2,0,1,129,1,0,4
14,Sunday,2,0,0,21.081721689475827,963,2,0,0,75,0,1,78
15,Tuesday,1,0,1,40.363723014092116,644,1,1,1,43,1,0,63
10,Monday,0,0,0,64.57157385680907,911,1,1,1,198,1,1,65
7,Saturday,1,0,1,56.891796949765094,549,2,1,0,112,0,1,31
7,Sunday,1,0,1,66.3713730326681,772,1,0,1,195,1,2,38
17,Friday,1,0,0,66.76327301585692,339,2,0,1,56,0,2,65
0,Friday,1,1,0,67.39217565803553,546,2,0,1,74,0,1,35
11,Thursday,0,0,0,47.529171101825526,625,0,0,1,123,1,1,72
8,Thursday,3,1,0,25.668167852269853,695,1,0,0,14,0,2,50
19,Thursday,1,1,0,26.70616853218137,653,0,0,0,41,0,1,99
3,Sunday,1,1,1,46.42137951141452,953,2,0,0,51,0,1,40
13,Thursday,3,1,1,79.12118792849529,741,2,0,0,101,1,2,39
17,Monday,2,1,1,19.328068794409788,796,0,1,0,56,1,1,25
3,Monday,3,1,1,11.379251032493624,116,1,0,1,103,0,2,12
23,Monday,1,0,0,23.955358050867318,382,2,1,0,147,0,2,4
7,Thursday,0,1,0,53.90601188106327,504,0,1,0,180,1,1,37
2,Wednesday,0,0,1,53.52948949638747,375,0,0,0,31,1,1,59
10,Monday,1,1,1,71.0407936774138,219,0,0,0,24,0,2,7
23,Thursday,1,0,1,69.16443114288751,817,1,0,0,153,1,1,9
8,Thursday,1,0,1,79.18250921481985,288,0,0,0,100,1,1,83
10,Monday,2,1,1,32.29056356791033,88,2,1,0,35,1,2,29
15,Friday,1,0,1,66.08180134927429,845,0,0,0,55,0,0,57
14,Saturday,2,1,1,57.562534334789085,798,0,0,0,41,1,0,5
16,Sunday,1,0,1,69.59975108080053,699,2,1,0,113,0,0,15
18,Saturday,3,1,1,56.730762729947706,68,1,1,0,132,1,2,84
21,Friday,3,1,0,79.42020615719616,663,2,0,1,134,0,1,4
6,Monday,0,1,1,70.32535764913527,889,2,1,0,173,1,1,37
1,Sunday,3,1,0,33.79535210098831,864,0,1,1,58,1,1,35
1,Wednesday,2,1,1,56.31334990432141,606,0,1,1,55,1,0,53
7,Thursday,0,0,0,47.784124708677645,157,1,1,0,64,1,2,4
6,Monday,2,1,1,55.1263356429277,727,2,0,0,78,0,0,68
6,Sunday,3,0,0,15.166149339596556,251,0,1,0,140,1,0,75
16,Tuesday,0,1,1,64.28659142207488,716,0,0,1,88,1,1,14
2,Saturday,0,0,0,19.74614301224643,167,1,0,1,58,0,1,8
1,Friday,3,1,0,61.645029160849674,239,0,1,1,69,1,0,32
22,Wednesday,3,1,1,45.01622198946755,691,0,0,1,151,1,0,51
20,Sunday,2,1,0,61.703291101061126,203,2,0,0,68,1,1,72
6,Thursday,2,1,0,39.52387760180798,394,0,0,0,153,0,0,39
5,Tuesday,2,0,1,30.194768840689513,187,1,0,1,110,0,0,95
20,Friday,2,1,0,25.082389052205563,302,1,0,1,120,1,2,97
21,Saturday,1,1,0,75.93940119909811,989,1,0,1,164,0,0,78
20,Sunday,1,0,1,79.32250005128351,797,2,1,0,72,1,1,94
14,Wednesday,3,1,1,63.56388407502784,120,1,1,0,132,1,1,22
18,Wednesday,1,0,1,57.88163915962866,185,0,0,1,35,0,2,17
3,Sunday,1,0,1,57.645014358805675,842,0,0,1,184,1,0,34
17,Tuesday,1,0,1,31.648846747852474,371,0,1,1,28,0,0,27
14,Thursday,0,0,1,59.232427012923864,527,2,1,1,92,1,2,40
8,Monday,1,1,0,66.67158072184796,311,1,1,1,24,1,1,7
18,Friday,3,1,0,51.47740008183995,116,0,0,1,176,0,0,37
9,Sunday,0,1,0,17.10477836193878,632,1,0,1,78,1,1,93
14,Thursday,3,0,1,56.96113763015083,665,0,1,0,61,1,0,8
16,Wednesday,2,0,1,66.06720919163328,553,1,0,1,137,0,0,91
4,Wednesday,3,0,1,40.865622277686576,200,2,0,0,160,1,2,18
0,Sunday,3,1,0,47.06631031952461,804,2,0,1,149,1,0,49
23,Saturday,0,0,1,32.72525533043125,263,0,0,1,55,1,2,9
12,Thursday,2,0,1,57.772062607465415,711,0,0,0,170,1,0,6
0,Monday,1,1,0,28.247045891029718,518,2,0,0,83,0,1,16
10,Tuesday,0,0,0,65.80949225810805,250,0,1,1,22,0,2,74
14,Tuesday,1,0,1,59.35648469254213,354,1,0,1,106,1,2,90
19,Tuesday,0,1,0,61.521203356688815,534,2,0,0,191,0,0,85
11,Sunday,0,0,0,29.299356790535377,303,2,1,0,17,0,0,93
19,Monday,0,1,0,36.572521552552054,821,0,0,1,47,1,2,60
5,Tuesday,1,1,1,44.00563488281345,451,1,0,0,194,1,2,99
17,Saturday,0,1,1,48.73845231492167,968,0,0,0,44,1,1,31
8,Friday,0,0,0,20.79722734514385,256,0,0,0,185,0,2,12
17,Monday,0,0,0,63.231655631306566,973,1,1,0,20,0,1,70
10,Monday,1,1,0,56.83871658155346,852,2,1,0,36,0,0,67
9,Saturday,3,0,0,19.241520693651797,197,2,0,1,69,0,2,62
2,Wednesday,3,0,0,33.952041225419435,975,1,0,1,119,1,0,31
7,Thursday,1,0,1,27.547409865697414,365,0,1,1,22,0,0,92
5,Friday,1,0,1,21.173082946455096,744,0,0,1,181,0,0,75
18,Monday,0,0,1,71.58372524450746,479,1,1,0,158,1,1,53
14,Monday,2,1,0,31.903348728522417,205,0,0,0,179,0,1,68
7,Saturday,1,0,1,19.98601059589716,646,2,0,1,84,1,2,79
1,Thursday,0,1,0,44.47028093804708,478,2,0,0,168,1,2,9
4,Saturday,0,0,1,56.584837210085496,352,0,1,1,158,0,2,14
23,Friday,2,1,0,42.14404959886778,262,0,0,1,76,1,0,7
23,Sunday,0,0,0,58.5267080935355,225,0,0,0,134,1,2,97
13,Friday,3,1,1,11.266669423650752,731,2,0,0,69,1,2,78
3,Thursday,1,0,0,78.06841739760878,668,2,0,1,142,0,1,42
3,Monday,2,0,0,19.96893759701996,156,0,1,1,51,0,1,49
8,Sunday,0,0,0,23.82367747195284,924,1,1,0,36,1,1,41
3,Friday,2,1,0,32.942949596844116,661,2,1,0,108,0,0,37
17,Saturday,0,0,1,40.422412056180896,248,2,0,0,140,1,0,17
20,Sunday,2,1,0,60.29694487775573,997,1,0,0,57,0,0,22
15,Saturday,0,1,1,29.41836048251729,314,0,0,1,114,0,0,19
17,Wednesday,2,0,1,32.6487166583732,427,2,1,1,35,0,1,73
6,Sunday,2,1,0,21.72783244541754,486,2,0,1,107,0,1,25
0,Sunday,2,1,1,56.5897547788896,986,1,1,0,148,0,1,98
10,Tuesday,2,1,0,76.47441147827232,419,2,1,0,62,0,1,2
19,Monday,3,1,1,54.33510010530785,149,2,0,0,26,1,0,13
6,Saturday,0,1,1,63.79154944644642,535,0,0,0,119,1,1,86
12,Thursday,3,1,1,19.38202203489145,580,1,0,0,98,0,1,66
1,Monday,0,1,1,62.209408542811005,331,0,1,0,41,1,0,38
19,Thursday,3,0,1,19.389003273698517,52,1,1,1,136,1,1,46
4,Sunday,2,1,1,23.328264609602968,811,1,0,0,99,0,2,44
19,Wednesday,2,0,1,48.34027136070283,768,0,1,0,163,1,2,98
6,Thursday,1,0,1,24.259984702971735,362,1,0,0,120,0,0,55
10,Sunday,1,0,0,61.43131171096851,788,0,0,0,142,0,2,58
19,Wednesday,3,1,0,39.32377909010698,935,2,0,0,193,0,0,78
20,Tuesday,3,1,0,27.472667823803693,188,0,1,1,103,1,1,70
2,Wednesday,0,0,1,52.62963402630915,596,2,0,0,183,1,2,34
0,Monday,0,0,0,44.08323053853072,95,0,1,1,50,1,2,8
16,Sunday,3,1,1,54.241955242187785,557,0,1,1,78,0,0,77
6,Tuesday,0,0,0,45.041359454556684,574,0,0,1,175,1,1,66
13,Thursday,1,0,0,23.45919807676896,872,2,0,0,183,0,2,81
21,Tuesday,3,0,1,74.5958858654518,441,0,0,1,141,1,0,82
6,Monday,0,0,1,60.58120749936279,902,1,1,1,12,1,0,56
6,Saturday,0,0,0,50.36592721204092,458,2,0,0,118,0,1,29
18,Wednesday,3,1,1,34.41574466294499,592,2,0,1,92,1,1,73
18,Friday,0,1,1,74.65117938779031,437,1,1,1,163,0,1,53
21,Saturday,2,1,0,75.00159200313209,207,1,1,0,46,0,1,69
8,Saturday,1,0,0,34.551066497815846,91,0,1,0,36,1,0,96
16,Thursday,2,1,1,51.32634653458084,213,0,1,1,195,1,0,47
8,Wednesday,0,0,1,57.24481447724574,820,1,1,1,160,0,2,38
15,Monday,2,0,0,62.55319738106253,529,0,1,1,111,1,2,94
18,Thursday,2,0,0,22.20682718527859,863,2,1,1,63,0,2,24
16,Friday,1,0,0,50.45908840265621,677,2,1,0,135,1,1,57
16,Friday,2,0,0,21.843482386786334,686,1,1,0,31,0,0,94
3,Saturday,1,0,1,25.357320803195343,315,2,0,0,152,0,1,99
6,Wednesday,0,0,0,26.817258584283767,89,2,1,1,124,0,0,40
12,Sunday,0,0,1,46.86682813875923,256,2,1,0,168,1,2,72
2,Saturday,2,0,0,49.520918985489786,421,2,0,1,61,0,0,74
2,Saturday,2,0,1,60.9088326547701,768,0,1,0,72,0,1,27
12,Monday,1,1,1,44.578880327859565,501,1,0,1,143,1,2,56
22,Saturday,3,1,1,56.979489753678315,694,0,1,0,14,1,0,39
22,Monday,3,1,1,77.59756247980269,591,1,1,1,161,0,2,25
21,Wednesday,1,1,0,78.27516660699816,564,1,0,1,156,0,0,95
4,Tuesday,3,0,0,34.97991946403438,230,0,0,0,106,0,1,100
16,Thursday,2,1,0,52.52689471459263,296,0,0,1,163,1,0,86
6,Tuesday,0,0,0,35.824932214712035,896,1,0,1,146,0,0,27
16,Sunday,2,1,1,77.7998892189725,232,1,1,0,139,0,1,41
1,Thursday,3,0,1,74.72862826232188,758,0,0,1,181,0,2,40
16,Thursday,1,0,1,39.73128155537361,356,2,0,1,107,0,0,11
5,Wednesday,0,0,1,33.19792605447885,897,2,1,1,41,0,0,36
0,Monday,1,0,0,71.39431322789613,66,0,0,0,144,0,1,64
10,Saturday,3,1,1,24.887078682173588,982,2,0,1,125,1,0,92
4,Sunday,0,1,1,73.48111961845196,52,1,1,1,102,0,2,59
11,Monday,1,0,0,79.91002134005852,727,0,1,1,82,1,2,30
15,Monday,0,0,0,73.46272013191958,491,2,1,1,177,1,1,16
17,Friday,0,1,1,79.87898486946082,379,1,0,0,52,1,1,53
0,Tuesday,0,0,1,77.73053954913674,796,2,1,0,169,1,2,70
18,Monday,0,0,1,68.93271269758725,814,0,0,0,132,0,0,66
13,Monday,0,0,1,31.28198909187092,223,1,0,1,51,1,0,19
18,Monday,3,0,1,64.77053642097837,292,0,1,1,121,1,0,38
16,Wednesday,2,1,1,16.198017547165094,949,0,0,1,23,1,0,94
20,Sunday,0,1,0,28.905238659738153,573,1,1,1,94,1,0,50
17,Monday,0,1,0,22.64030771489824,191,1,0,1,29,0,1,71
0,Sunday,3,1,1,53.55120082880845,142,2,1,0,175,0,0,73
12,Monday,1,0,0,46.72003967406267,947,2,1,1,75,0,1,38
19,Sunday,3,0,1,10.011722459423977,143,1,0,0,196,0,2,29
1,Tuesday,1,1,1,49.556151977784566,193,2,1,0,177,0,0,17
18,Monday,2,1,0,65.57773604355435,312,1,1,0,56,1,0,2
10,Saturday,2,0,1,32.369079073460185,108,2,1,0,79,0,0,18
13,Thursday,0,0,1,23.27396846002221,868,2,0,1,184,0,2,65
16,Tuesday,3,1,1,48.38754054805895,780,0,1,0,156,0,2,79
8,Saturday,1,0,0,15.140946339179084,975,1,0,1,22,0,1,21
0,Saturday,3,1,1,28.90147349222522,272,0,0,0,155,1,1,86
6,Monday,2,1,0,45.71174357234759,501,2,0,1,172,1,0,68
16,Thursday,2,1,1,37.841412497307346,751,1,0,0,195,1,0,50
8,Thursday,3,0,1,46.50129344319068,460,2,0,1,178,1,2,10
0,Saturday,0,0,1,79.82155943047037,760,2,1,0,17,1,1,64
0,Wednesday,0,1,0,10.38022860303832,593,2,1,0,151,0,1,82
22,Monday,3,0,1,59.86819608556216,882,2,0,0,73,1,0,21
2,Tuesday,3,0,0,23.04724090639733,96,1,0,0,25,1,0,90
2,Monday,0,1,0,28.23194144271092,500,2,1,1,84,0,1,41
12,Tuesday,0,0,1,37.99595906875683,214,0,0,0,189,0,0,91
23,Monday,3,1,0,25.712283026588192,176,1,0,0,45,1,2,4
13,Monday,0,0,0,60.81656659644157,758,0,1,0,104,1,0,72
7,Wednesday,0,1,0,42.16247105458715,877,1,1,1,29,0,0,59
6,Wednesday,3,1,1,37.29475296165112,329,0,1,0,99,0,2,4
10,Wednesday,3,0,1,25.872664050519763,345,1,0,1,151,1,2,23
22,Sunday,2,1,0,13.120624465865497,427,1,1,1,134,0,0,65
14,Tuesday,1,1,0,13.7177845926129,943,1,1,0,36,0,1,42
14,Sunday,1,0,1,74.31513360690617,260,2,0,1,22,1,2,64
22,Sunday,0,1,1,47.74221967449782,162,2,1,1,85,0,1,91
1,Thursday,2,0,1,36.85917207263627,934,0,1,1,192,0,2,56
0,Friday,1,0,1,12.928488894421694,246,0,0,1,155,0,2,30
16,Wednesday,1,1,0,59.2998203205768,255,2,1,0,11,0,2,44
17,Thursday,1,1,0,38.02806017375703,889,1,0,1,78,0,1,67
17,Tuesday,1,0,0,55.56829046365832,765,2,0,1,55,0,0,55
14,Wednesday,2,1,1,57.327394999722955,206,0,0,0,85,1,2,20
9,Saturday,1,1,1,16.024182567179565,367,0,0,1,124,0,0,72
8,Friday,3,0,1,58.23155645705897,585,2,1,0,38,0,2,12
21,Wednesday,1,0,1,42.22492046440629,261,2,1,1,123,1,1,81
22,Tuesday,1,1,1,23.330575126115853,885,0,0,0,26,0,0,7
14,Sunday,0,0,0,11.993290437129305,776,2,1,0,124,1,1,80
13,Friday,3,0,1,14.94152620615493,299,0,0,0,182,0,0,70
20,Friday,2,1,1,20.039113100469372,149,1,0,0,18,1,1,91
5,Friday,1,1,0,19.06671101707513,481,2,0,1,196,0,1,45
4,Wednesday,0,1,0,16.14991255888606,442,1,1,0,142,1,2,98
17,Tuesday,0,1,0,20.477407357743516,258,2,1,1,146,1,0,0
9,Saturday,2,1,0,79.7362065784501,972,1,0,0,130,1,2,17
9,Friday,0,1,0,62.932318813098526,503,2,1,0,181,0,0,59
3,Monday,1,0,1,72.21603242109902,675,2,0,1,103,1,1,54
8,Saturday,3,0,0,22.93827979490638,882,1,1,0,197,0,1,24
11,Thursday,0,0,0,23.086070701429502,756,2,0,1,188,0,1,21
5,Monday,3,0,0,70.97980075983028,324,1,0,1,97,1,0,32
3,Monday,1,0,0,28.194421360756017,606,0,0,0,115,0,1,65
7,Tuesday,3,1,0,76.10791805271185,192,0,0,1,141,0,1,49
10,Friday,0,1,1,43.69482696401316,131,1,0,0,28,0,1,93
1,Saturday,0,0,1,21.801673760976605,251,0,1,1,30,1,1,3
13,Wednesday,3,0,1,59.850013349426916,986,1,0,1,111,1,1,26
1,Sunday,2,1,1,24.660559085894317,462,0,1,0,147,1,0,12
21,Thursday,2,1,1,31.10846858028101,498,0,1,0,28,1,0,76
6,Sunday,0,0,1,37.88114074962833,262,0,0,1,98,1,0,32
2,Saturday,1,1,0,14.665091703230981,398,1,1,1,159,1,2,57
5,Friday,3,0,1,51.35095114700731,923,2,0,0,176,0,1,61
21,Thursday,2,0,1,15.423912679360942,378,2,0,0,150,1,2,99
17,Thursday,1,0,1,72.22768793377719,876,2,0,1,162,0,2,26
7,Saturday,2,1,0,63.946645426925905,327,0,1,0,146,1,0,62
10,Tuesday,0,0,1,48.47503137065092,970,2,1,0,139,1,2,33
2,Thursday,1,0,1,36.69356601604745,691,0,1,1,59,1,2,55
21,Friday,0,0,1,30.32400805589251,587,1,0,0,179,1,2,64
1,Thursday,3,1,1,19.692885032394145,878,1,0,0,122,1,1,25
7,Tuesday,0,0,1,51.1797832853769,666,1,0,0,114,1,2,49
20,Saturday,3,0,0,37.21628356765943,107,2,1,0,35,1,2,34
5,Tuesday,3,1,0,75.93215157672833,874,1,1,1,117,1,2,1
19,Tuesday,3,0,1,11.178255956274954,747,2,1,1,42,0,1,5
9,Monday,3,0,0,61.11336864891399,511,0,0,0,55,0,0,23
1,Sunday,3,0,0,47.724254092541216,543,2,1,1,53,1,0,1
23,Sunday,3,0,0,74.64375474941875,128,0,1,0,67,0,2,69
0,Friday,1,1,1,11.658748285861977,212,0,1,1,127,1,1,17
16,Tuesday,0,1,0,23.58933621740945,728,0,0,1,134,0,1,61
2,Wednesday,0,1,0,41.60456024382308,264,1,0,0,179,1,2,71
16,Monday,3,0,0,23.11938362598223,239,0,0,0,151,0,0,95
8,Thursday,2,0,0,70.12673214915048,525,2,1,1,70,0,0,30
12,Saturday,0,1,0,30.712851643174197,789,1,1,0,121,0,0,28
13,Thursday,1,0,0,47.338078730105586,437,1,1,0,23,0,2,16
10,Saturday,1,0,1,23.25162805878135,295,1,1,0,80,1,0,92
22,Thursday,2,0,1,50.39794205263301,218,2,0,0,48,0,2,81
17,Wednesday,1,1,1,26.603199294838536,201,2,0,0,142,0,1,75
12,Monday,3,0,1,18.872621245232242,87,1,0,1,13,0,0,92
10,Sunday,2,1,0,26.087508476324594,269,2,0,1,157,0,2,12
13,Tuesday,0,1,0,14.354482445923566,884,2,0,0,191,0,2,82
1,Saturday,3,0,1,69.76541531522163,265,2,1,1,70,0,2,71
20,Friday,1,1,1,30.094219897941485,404,1,1,0,108,0,2,30
0,Saturday,3,0,1,13.405294488889716,835,1,1,1,66,0,0,88
17,Thursday,2,0,1,68.3211920314518,153,1,1,0,184,0,2,6
20,Sunday,0,1,1,38.40128927772544,383,2,0,1,78,0,2,93
8,Sunday,3,0,0,16.634027992786308,607,1,1,1,165,0,0,38
11,Sunday,1,1,0,65.14988212923927,166,2,1,1,21,0,1,3
21,Monday,0,1,0,71.19185805515686,147,0,1,1,153,1,1,8
15,Wednesday,1,0,1,47.1432238766991,585,0,0,1,28,1,0,89
2,Monday,0,1,0,71.24308134669022,819,1,1,0,60,1,1,5
1,Sunday,3,0,0,49.07399654951998,875,1,1,1,48,1,0,87
8,Tuesday,2,0,1,55.32003937724947,51,1,0,0,194,0,0,14
8,Saturday,0,1,0,42.60384608573547,150,0,0,1,75,0,2,67
22,Tuesday,0,0,1,76.83292395686234,167,0,1,1,66,1,1,92
0,Tuesday,1,1,1,21.221506645746103,851,1,0,1,70,0,1,18
23,Friday,1,1,0,34.86879875941271,718,0,1,1,65,0,0,19
1,Saturday,0,1,1,63.17778637092911,856,2,0,0,83,0,2,76
20,Sunday,0,1,0,33.4010216340596,150,1,0,1,194,1,2,41
3,Thursday,2,1,0,42.84176133872328,316,0,1,1,191,1,1,26
11,Sunday,3,0,1,16.679192738917024,894,0,0,0,50,1,2,40
16,Sunday,2,0,0,34.56792566513438,745,1,1,0,198,0,1,75
12,Tuesday,2,1,0,15.622507154371217,56,1,1,1,126,0,0,31
22,Sunday,0,1,1,74.90284194191777,540,1,0,1,133,0,0,37
14,Sunday,1,1,1,60.27363208554754,780,0,0,1,123,1,2,43
6,Tuesday,1,1,0,77.82151691626616,311,0,0,1,136,0,1,72
6,Wednesday,3,1,0,33.48336694473262,474,2,1,0,10,1,2,77
9,Friday,1,1,0,23.626003996011455,74,0,1,0,110,1,2,67
22,Sunday,2,1,0,31.20028625606173,55,2,0,1,18,0,0,45
3,Monday,2,1,0,34.51914642503823,356,1,0,0,170,0,1,95
18,Tuesday,0,1,1,39.14109604454294,942,0,1,0,39,1,0,8
1,Thursday,1,0,1,41.45607054390078,361,2,1,1,83,0,1,14
6,Friday,3,0,0,21.855149646376937,491,2,1,1,105,0,0,59
0,Wednesday,1,1,1,64.47986437891811,885,1,0,1,194,1,2,97
2,Thursday,1,0,0,50.064141241202854,250,1,1,0,50,1,0,56
17,Friday,1,0,1,16.706331393593224,175,2,1,1,125,1,0,48
8,Wednesday,0,0,1,52.304812541643635,476,0,1,1,144,0,1,71
1,Wednesday,0,0,0,61.49568549486592,195,1,0,0,124,0,1,88
20,Friday,2,1,0,77.51605822431772,245,2,1,0,171,0,1,27
8,Wednesday,2,0,0,56.219391303909255,88,1,0,1,65,0,1,7
18,Saturday,3,1,1,76.8334601357654,595,1,0,1,49,0,1,10
12,Saturday,1,0,0,33.98563450419917,759,2,0,0,11,0,0,100
19,Wednesday,0,1,0,16.536516597290017,254,0,0,0,10,0,1,61
10,Wednesday,0,0,1,20.730811085141454,155,1,0,1,106,0,2,13
16,Friday,3,1,1,28.101466478538406,848,0,0,1,20,1,0,33
10,Sunday,2,0,1,35.99875760160354,784,1,1,0,11,1,2,5
15,Tuesday,3,0,1,62.02002485353736,447,1,0,0,109,1,2,55
3,Friday,2,0,0,68.35945132250035,273,0,0,0,98,0,1,51
16,Sunday,3,1,0,46.36007152010885,596,0,0,1,121,0,1,39
4,Wednesday,2,1,0,19.010108314916486,574,2,1,0,46,0,0,21
13,Tuesday,1,0,1,27.02816490908055,671,1,1,0,132,0,0,23
21,Monday,3,0,0,70.39021746462092,656,0,1,1,96,0,2,42
20,Saturday,1,1,0,59.34094924517624,604,1,0,1,184,0,2,1
14,Monday,2,1,1,54.858505760400305,989,1,1,1,88,0,2,91
22,Sunday,2,0,0,19.54668128996535,572,1,0,1,132,0,2,58
4,Tuesday,3,1,0,37.59425959792025,676,0,0,1,40,1,2,100
19,Monday,0,0,0,61.86538467864408,392,1,0,1,117,0,0,98
21,Wednesday,0,1,1,72.6033616842731,267,1,0,1,25,1,1,21
7,Sunday,1,0,1,60.453684752248456,960,2,1,1,54,1,1,94
18,Tuesday,3,0,1,74.5299874259946,224,2,1,0,128,0,0,39
8,Thursday,1,1,0,64.76163390705327,355,1,1,0,28,1,0,58
3,Thursday,2,0,0,45.7558294755745,950,2,0,0,197,1,2,5
15,Tuesday,2,0,0,47.23586117403377,207,2,0,1,50,1,1,45
20,Sunday,1,1,1,56.97637414510161,820,2,1,0,93,1,0,86
5,Tuesday,3,1,0,34.964838370130195,867,0,1,1,35,0,2,6
21,Saturday,3,1,1,15.982765952504892,995,0,0,0,126,0,0,74
10,Friday,3,1,0,74.82470465918337,540,2,1,1,191,0,0,3
9,Tuesday,2,0,1,38.20221216659281,287,2,1,1,149,0,2,75
23,Wednesday,3,1,0,39.44053181158087,300,0,1,1,42,0,1,37
12,Wednesday,3,0,1,50.53298688262346,490,1,1,1,174,0,0,31
12,Tuesday,3,1,1,23.482039206012704,799,2,0,1,24,1,1,95
2,Saturday,2,0,0,69.80264766846717,55,1,1,0,78,1,1,19
2,Saturday,2,0,0,51.28221899186148,692,0,0,0,175,0,2,39
20,Saturday,2,0,1,18.751741237380152,626,0,1,0,63,1,1,10
9,Tuesday,3,1,1,26.17496416488298,191,2,1,1,76,1,1,74
15,Sunday,1,1,1,38.93534821107803,665,0,0,0,94,1,1,42
23,Tuesday,0,0,0,49.11957172789896,303,0,0,1,144,0,2,39
15,Sunday,3,0,1,76.1410955635646,68,2,0,1,31,0,0,76
22,Sunday,0,1,0,22.541535558453383,411,0,0,1,192,1,0,47
13,Wednesday,2,0,1,22.081611969070547,896,0,1,1,144,1,0,39
20,Wednesday,2,0,1,48.01661359768381,264,0,1,1,38,0,2,100
17,Thursday,3,1,0,29.76282839096828,735,2,0,1,26,0,0,17
20,Saturday,3,1,1,22.169243011837224,82,2,0,1,62,1,0,18
5,Friday,3,1,1,36.02793700095895,646,2,1,0,63,1,0,42
6,Sunday,3,1,1,63.157946218252164,566,2,0,0,116,1,0,89
14,Tuesday,2,0,0,73.20831803984507,160,1,1,0,94,0,0,16
11,Monday,3,1,0,18.28201633193383,612,0,0,0,175,0,2,25
10,Saturday,2,0,1,59.21025707885326,805,0,1,0,87,1,0,73
1,Saturday,0,0,1,41.23015897053848,434,0,0,0,187,1,1,30
18,Monday,2,1,1,51.53601107298416,886,0,0,1,39,0,1,18
8,Wednesday,0,1,1,67.26852267635414,461,2,1,1,75,1,0,81
5,Thursday,2,1,0,52.5323806868908,931,2,1,1,98,0,2,70
17,Wednesday,2,0,1,52.837619765567354,539,2,0,1,92,0,2,57
11,Tuesday,0,1,1,26.316384917452694,732,0,1,0,170,1,0,39
12,Monday,3,1,0,15.92975297937765,272,2,0,0,80,0,0,64
22,Saturday,3,0,1,52.93473471205302,374,0,0,0,109,0,0,89
13,Thursday,3,1,1,64.8730334752735,935,2,0,1,166,0,1,92
14,Sunday,0,0,1,46.38562390308556,265,1,1,0,44,0,2,64
3,Tuesday,2,1,0,63.034265930274195,993,0,0,1,127,1,2,100
10,Monday,3,1,0,72.41906445118147,428,0,1,1,171,1,2,77
21,Thursday,2,0,1,69.96550192561513,952,2,0,1,140,1,2,67
